Date,USD_NGN,EUR_NGN,GBP_NGN,
01/01/2021,396.7,482.2,542.42,
04/01/2021,386.11,473.09,523.99,
05/01/2021,388.31,477.56,529.17,
06/01/2021,388.31,479.11,529.04,
07/01/2021,389.39,477.75,528.37,
08/01/2021,383.5,468.63,520.18,
11/01/2021,387.66,471.4,524.25,
12/01/2021,389.05,474.98,531.72,
13/01/2021,386.4,469.94,527.35,
14/01/2021,388.43,471.97,531.48,
15/01/2021,381.2,460.31,517.82,
18/01/2021,389.37,470.27,528.92,
19/01/2021,385.97,468.55,526.62,
20/01/2021,387.57,469.53,529.68,
21/01/2021,380.5,462.9,522.38,
22/01/2021,381.5,464.36,521.95,
25/01/2021,386.96,469.87,529.22,
26/01/2021,388,471.96,533.11,
27/01/2021,387.54,468.98,529.79,
28/01/2021,387.11,469.17,531.29,
29/01/2021,380.5,461.84,521.49,
01/02/2021,388.72,469.1,531.6,
02/02/2021,380,457.38,519.04,
03/02/2021,388.03,467.24,529.67,
04/02/2021,387.49,463.73,529.79,
05/02/2021,381,459.06,523.36,
08/02/2021,381,459.14,523.71,
09/02/2021,381,461.68,526.37,
10/02/2021,391.41,474.34,541.36,
11/02/2021,391.55,474.99,540.79,
12/02/2021,381,461.78,527.45,
15/02/2021,399.64,484.85,556.1,
16/02/2021,396.39,479.17,550.41,
17/02/2021,396.42,477.55,549.62,
18/02/2021,396.14,479.01,553.28,
19/02/2021,381,461.69,533.61,
22/02/2021,396.39,482.17,557.63,
23/02/2021,396.07,481.26,559.21,
24/02/2021,396.01,481.94,560.24,
25/02/2021,393.28,478.15,550.74,
26/02/2021,381.08,460.04,530.88,
01/03/2021,380.5,458.45,529.99,
02/03/2021,381,460.44,531.65,
03/03/2021,381,458.98,530.43,
04/03/2021,380,454.79,527.96,
05/03/2021,381,453.82,527.13,
08/03/2021,380.5,450.93,525.92,
09/03/2021,396.09,471.23,550.06,
10/03/2021,396.12,472.36,551.81,
11/03/2021,396.42,474.96,554.51,
12/03/2021,381,455.43,530.35,
15/03/2021,381,454.38,529.53,
16/03/2021,380,452.25,528.29,
17/03/2021,405.13,485.49,566.19,
18/03/2021,380.5,453.47,529.78,
19/03/2021,380.5,454.56,527.86,
22/03/2021,395.89,472.38,548.67,
23/03/2021,380.5,450.5,522.46,
24/03/2021,392.12,463.2,536.75,
25/03/2021,392.46,462.18,539.49,
26/03/2021,380,448.18,523.78,
29/03/2021,394.95,464.8,544.02,
30/03/2021,392.13,459.7,539.02,
31/03/2021,395.46,463.77,545.16,
01/04/2021,392.54,462.35,543.04,
02/04/2021,381,448.08,526.94,
05/04/2021,409.36,483.74,569.53,
06/04/2021,410,486.83,567.04,
07/04/2021,397.78,472.26,546.64,
08/04/2021,397.66,473.83,546.13,
09/04/2021,408.49,486.14,559.98,
12/04/2021,391.82,466.73,538.95,
13/04/2021,382,456.72,525.59,
14/04/2021,380.5,456.02,524.25,
15/04/2021,392.04,469.27,540.4,
16/04/2021,380.5,455.93,526.32,
19/04/2021,408.66,492.14,571.78,
20/04/2021,381,458.44,531.04,
21/04/2021,380.5,458.02,530.09,
22/04/2021,394.79,474.32,546.34,
23/04/2021,381.5,461.56,529.47,
26/04/2021,392.82,474.51,545.82,
27/04/2021,379.5,458.82,527.62,
28/04/2021,399.13,484.32,557.01,
29/04/2021,394.83,478.75,550.86,
30/04/2021,380.5,457.34,525.72,
03/05/2021,380.5,458.83,529.02,
04/05/2021,394.58,474.08,547.97,
05/05/2021,380.5,456.89,529.24,
06/05/2021,394.89,476.45,548.7,
07/05/2021,380.5,462.81,532.25,
10/05/2021,380.5,461.95,537.67,
11/05/2021,409.11,496.83,578.3,
12/05/2021,403.97,487.89,568.06,
13/05/2021,380,458.92,533.76,
14/05/2021,413,501.56,582.38,
17/05/2021,410.66,499.27,580.92,
18/05/2021,409.99,501.11,581.67,
19/05/2021,412.19,501.65,581.49,
20/05/2021,410.91,502.34,582.84,
21/05/2021,412.5,502.42,583.77,
24/05/2021,411.53,502.66,582.53,
25/05/2021,412.5,505.25,583.32,
26/05/2021,411.86,502.14,581.36,
27/05/2021,412.52,502.98,585.9,
28/05/2021,412.5,502.94,585.32,
31/05/2021,411.98,503.95,586.08,
01/06/2021,411.78,503.09,582.91,
02/06/2021,411.51,502.43,583.14,
03/06/2021,412.5,500.4,581.96,
04/06/2021,411.5,500.68,582.71,
07/06/2021,412.54,502.92,584.81,
08/06/2021,411.42,500.8,582.12,
09/06/2021,412.81,502.75,582.53,
10/06/2021,411.61,501.04,583.28,
11/06/2021,412.59,499.6,582.12,
14/06/2021,412.55,500.09,582.09,
15/06/2021,411.74,499.25,579.76,
16/06/2021,411.12,493.14,575.14,
17/06/2021,410,488.43,571.46,
18/06/2021,410,486.4,565.86,
21/06/2021,411,489.58,572.29,
22/06/2021,411.03,490.62,573.37,
23/06/2021,411.33,490.74,574.51,
24/06/2021,410.5,489.65,571.27,
25/06/2021,411.25,490.93,571.02,
28/06/2021,410.5,489.68,569.72,
29/06/2021,410.46,488.47,568.15,
30/06/2021,410.16,486.39,567.18,
01/07/2021,411.01,486.88,565.51,
02/07/2021,411.5,488.24,568.9,
05/07/2021,411.46,488.22,570.09,
06/07/2021,411.5,486.51,568.03,
07/07/2021,411.59,485.4,567.99,
08/07/2021,410.93,486.8,566.67,
09/07/2021,410,486.99,570.2,
12/07/2021,411.06,487.67,570.76,
13/07/2021,411,483.96,567.39,
14/07/2021,410.65,485.93,569.02,
15/07/2021,411,485.46,568.35,
16/07/2021,411.5,485.84,566.43,
19/07/2021,410.73,484.33,561.38,
20/07/2021,411.27,484.58,560.7,
21/07/2021,411.22,484.97,563.88,
22/07/2021,411.33,484.23,566.51,
23/07/2021,411.5,484.4,566.02,
26/07/2021,411.64,485.94,569.17,
27/07/2021,411.5,486.44,571.24,
28/07/2021,411.5,487.45,572.23,
29/07/2021,411.57,489.42,574.71,
30/07/2021,411.47,488.3,572.05,
02/08/2021,411.64,488.79,571.84,
03/08/2021,411.5,488.43,572.69,
04/08/2021,411.28,486.87,571.25,
05/08/2021,411.54,486.95,573.16,
06/08/2021,411.48,484.02,570.93,
09/08/2021,411.42,482.9,569.67,
10/08/2021,411.59,482.46,569.46,
11/08/2021,411.58,483.27,570.69,
12/08/2021,411.5,482.93,568.32,
13/08/2021,411.5,485.42,570.54,
16/08/2021,411.75,484.94,569.86,
17/08/2021,411.9,482.31,565.93,
18/08/2021,411.96,482.11,566.16,
19/08/2021,411.54,480.55,560.94,
20/08/2021,411.7,481.71,560.94,
23/08/2021,411.7,483.52,564.99,
24/08/2021,411.59,483.74,564.89,
25/08/2021,411.7,484.67,566.68,
26/08/2021,411.49,483.65,563.76,
27/08/2021,411.5,485.38,566.43,
30/08/2021,411.81,485.79,566.6,
31/08/2021,411.34,485.8,565.69,
01/09/2021,411.5,487.28,566.69,
02/09/2021,411.86,489.04,569.86,
03/09/2021,411.52,488.85,570.3,
06/09/2021,411.65,488.76,569.66,
07/09/2021,411.67,487.61,567.26,
08/09/2021,411.54,486.4,566.56,
09/09/2021,411.4,486.41,569.31,
10/09/2021,411.43,485.93,569.17,
13/09/2021,411.78,486.38,569.83,
14/09/2021,410.18,484.2,566.37,
15/09/2021,411.47,486.33,569.84,
16/09/2021,411.92,484.77,568.37,
17/09/2021,411.73,482.78,565.74,
20/09/2021,411.85,482.97,562.68,
21/09/2021,411.48,482.37,562.01,
22/09/2021,412.29,481.85,561.38,
23/09/2021,411.57,483.16,564.72,
24/09/2021,411.5,482.3,562.78,
27/09/2021,412.55,482.51,565.23,
28/09/2021,410.8,480.07,556.29,
29/09/2021,411.59,477.51,552.68,
30/09/2021,411.23,475.98,553.93,
01/10/2021,410.77,476.24,556.41,
04/10/2021,412.56,479.33,561.33,
05/10/2021,411.36,477,560.54,
06/10/2021,410.34,474.11,557.69,
07/10/2021,410.91,474.99,559.66,
08/10/2021,410.81,475.27,559.26,
11/10/2021,410.77,474.58,558.25,
12/10/2021,412.58,475.75,560.23,
13/10/2021,410.92,476.54,561.65,
14/10/2021,410.85,476.19,561.55,
15/10/2021,410.87,476.6,564.74,
18/10/2021,412.58,479.15,566.71,
19/10/2021,410.97,478.02,566.89, 
20/10/2021,410.91,478.87,567.97,
21/10/2021,410.93,477.7,566.73,
22/10/2021,410.91,478.47,565.33,
25/10/2021,412.33,478.69,567.52,
26/10/2021,410.68,476.25,565.32,
27/10/2021,410.67,476.31,563.92,
28/10/2021,410.68,479.77,566.72,
29/10/2021,410.31,474.36,561.86,
01/11/2021,412.31,478.26,562.99,
02/11/2021,410.8,475.71,559.4,
03/11/2021,410.92,477.28,562.72,
04/11/2021,410.8,474.7,554.91,
05/11/2021,410.52,474.21,554.32,
08/11/2021,412.31,477.78,559.25,
09/11/2021,410.81,476.32,557.06,
10/11/2021,410.59,471.6,550.69,
11/11/2021,410.48,469.92,548.59,
12/11/2021,410.58,469.86,550.79,
15/11/2021,412.6,469,553.3,
16/11/2021,410.9,465.13,551.58,
17/11/2021,411.83,466.11,555.53,
18/11/2021,410.93,467.14,554.71,
19/11/2021,410.84,463.72,552.37,
22/11/2021,412.63,463.86,552.8,
23/11/2021,409.88,460.97,548.23,
24/11/2021,410.6,460.01,547.33,
25/11/2021,411.4,461.15,547.67,
26/11/2021,409.89,464,546.73,
29/11/2021,412.23,465.54,548.86,
30/11/2021,409.89,464.41,544.95,
01/12/2021,410.48,464.62,544.99,
02/12/2021,410.66,464.3,546.17,
03/12/2021,409.98,463.87,542.61,
06/12/2021,412.2,465.12,546.7,
07/12/2021,411.07,463.4,544.49,
08/12/2021,410.74,465.96,542.56,
09/12/2021,411.81,465.08,544.59,
10/12/2021,409.97,464.02,544.1,
13/12/2021,412.34,465.34,544.81,
14/12/2021,412.34,464.2,545.53,
15/12/2021,412.24,465.42,546.71,
16/12/2021,410.44,465.19,546.82,
17/12/2021,410.16,461.03,542.85,
20/12/2021,412.31,464.96,544.59,
21/12/2021,411.02,463.94,545.37,
22/12/2021,411.07,465.64,548.77,
23/12/2021,411.2,465.6,551.23,
24/12/2021,410.94,465.29,550.15,
27/12/2021,411.29,465.96,552.83,
28/12/2021,411.1,465.08,552.23,
29/12/2021,412.84,468.97,557.21,
30/12/2021,411.17,465.54,554.98,
31/12/2021,411.95,468.55,557.43,
03/01/2022,411.79,465.4,555.19,
03/01/2022,411.79,465.4,555.19,
04/01/2022,412.74,465.7,558.43,
04/01/2022,412.74,465.7,558.43,
05/01/2022,411.81,465.82,558.18,
05/01/2022,411.81,465.82,558.18,
06/01/2022,412.13,465.5,557.72,
06/01/2022,412.13,465.5,557.72,
07/01/2022,413.21,469.49,561.49,
07/01/2022,413.21,469.49,561.49,
10/01/2022,413.71,468.75,561.83,
10/01/2022,413.71,468.75,561.83,
11/01/2022,412.27,468.58,562.04,
11/01/2022,412.27,468.58,562.04,
12/01/2022,413.94,473.56,567.37,
12/01/2022,413.94,473.56,567.37,
13/01/2022,412.34,472.39,565.46,
13/01/2022,412.34,472.39,565.46,
14/01/2022,414.29,472.92,566.62,
14/01/2022,414.29,472.92,566.62,
17/01/2022,415.14,473.69,566.55,
17/01/2022,415.14,473.69,566.55,
18/01/2022,415.29,470.46,564.83,
18/01/2022,415.29,470.46,564.83,
19/01/2022,414.67,470.34,564.31,
19/01/2022,414.67,470.34,564.31,
20/01/2022,412.93,467.15,561.45,
20/01/2022,412.93,467.15,561.45,
21/01/2022,414.95,470.75,562.53,
21/01/2022,414.95,470.75,562.53,
24/01/2022,415.85,470.89,560.9,
24/01/2022,415.85,470.89,560.9,
25/01/2022,414.72,468.77,560.25,
25/01/2022,414.72,468.77,560.25,
26/01/2022,415.13,466.63,559.08,
26/01/2022,415.13,466.63,559.08,
27/01/2022,415.49,463.09,556.24,
27/01/2022,415.49,463.09,556.24,
28/01/2022,415.66,463.44,557.19,
28/01/2022,415.66,463.44,557.19,
31/01/2022,415.83,466.95,559.08,
31/01/2022,415.83,466.95,559.08,
01/02/2022,415.54,468.45,562.01,
01/02/2022,415.54,468.45,562.01,
02/02/2022,415.79,469.84,564,
02/02/2022,415.79,469.84,564,
03/02/2022,415.77,475.46,565.37,
03/02/2022,415.77,475.46,565.37,
04/02/2022,416.2,476.51,563.44,
04/02/2022,416.2,476.51,563.44,
07/02/2022,415.95,475.92,563.07,
07/02/2022,415.95,475.92,563.07,
08/02/2022,416.07,475.18,563.66,
08/02/2022,416.07,475.18,563.66,
09/02/2022,416.62,475.84,563.79,
09/02/2022,416.62,475.84,563.79,
10/02/2022,416.95,475.79,564.93,
10/02/2022,416.95,475.79,564.93,
11/02/2022,417.01,473.35,565.9,
11/02/2022,417.01,473.35,565.9,
14/02/2022,415.74,470.03,562.53,
14/02/2022,415.74,470.03,562.53,
15/02/2022,415.89,472.25,563.14,
15/02/2022,415.89,472.25,563.14,
16/02/2022,416.02,473.13,565.02,
16/02/2022,416.02,473.13,565.02,
17/02/2022,415.81,472.51,566.15,
17/02/2022,415.81,472.51,566.15,
18/02/2022,415.87,470.85,565.34,
18/02/2022,415.87,470.85,565.34,
21/02/2022,415.98,470.44,565.53,
21/02/2022,415.98,470.44,565.53,
22/02/2022,415.91,471.18,565.16,
22/02/2022,415.91,471.18,565.16,
23/02/2022,415.96,470.26,563.41,
23/02/2022,415.96,470.26,563.41,
24/02/2022,416.14,465.68,556.45,
24/02/2022,416.14,465.68,556.45,
25/02/2022,415.56,468.5,557.16,
25/02/2022,415.56,468.5,557.16,
28/02/2022,415.97,466.48,558.32,
28/02/2022,415.97,466.48,558.32,
01/03/2022,415.96,463.06,554.68,
01/03/2022,415.96,463.06,554.68,
02/03/2022,415.9,462.15,557.14,
02/03/2022,415.9,462.15,557.14,
03/03/2022,416.79,461.22,556.44,
03/03/2022,416.79,461.22,556.44,
04/03/2022,418.24,457.15,553.23,
04/03/2022,418.24,457.15,553.23,
07/03/2022,415.29,451.27,544.59,
07/03/2022,415.29,451.27,544.59,
08/03/2022,415.52,452.83,544.28,
08/03/2022,415.52,452.83,544.28,
09/03/2022,415.99,460.65,548.48,
09/03/2022,415.99,460.65,548.48,
10/03/2022,415.84,457.98,544.86,
10/03/2022,415.84,457.98,544.86,
11/03/2022,415.84,453.85,542.19,
11/03/2022,415.84,453.85,542.19,
14/03/2022,415.54,454.72,540.64,
14/03/2022,415.54,454.72,540.64,
15/03/2022,415.82,456.05,542.4,
15/03/2022,415.82,456.05,542.4,
16/03/2022,416.09,458.6,546.74,
16/03/2022,416.09,458.6,546.74,
17/03/2022,416.26,462.01,547.73,
17/03/2022,416.26,462.01,547.73,
18/03/2022,415.92,460.22,548.27,
18/03/2022,415.92,460.22,548.27,
21/03/2022,415.84,458.13,547.63,
21/03/2022,415.84,458.13,547.63,
22/03/2022,415.44,458.21,551.12,
22/03/2022,415.44,458.21,551.12,
23/03/2022,415.83,457.68,549.11,
23/03/2022,415.83,457.68,549.11,
24/03/2022,416.09,458.06,549,
24/03/2022,416.09,458.06,549,
25/03/2022,415.75,456.64,548.37,
25/03/2022,415.75,456.64,548.37,
28/03/2022,415.65,456.86,544.51,
28/03/2022,415.65,456.86,544.51,
29/03/2022,415.76,461.14,544.4,
29/03/2022,415.76,461.14,544.4,
30/03/2022,415.89,464.19,546.37,
30/03/2022,415.89,464.19,546.37,
31/03/2022,415.67,460.31,546.4,
31/03/2022,415.67,460.31,546.4,
01/04/2022,415.72,459.31,545.17,
01/04/2022,415.72,459.31,545.17,
04/04/2022,415.67,456.2,545.05,
04/04/2022,415.67,456.2,545.05,
05/04/2022,415.84,453.52,543.79,
05/04/2022,415.84,453.52,543.79,
06/04/2022,416.15,453.51,543.88,
06/04/2022,416.15,453.51,543.88,
07/04/2022,415.83,451.77,543.45,
07/04/2022,415.83,451.77,543.45,
08/04/2022,415.65,452.08,541.82,
08/04/2022,415.65,452.08,541.82,
11/04/2022,416.08,452.57,541.88,
11/04/2022,416.08,452.57,541.88,
12/04/2022,415.47,449.79,540.19,
12/04/2022,415.47,449.79,540.19,
13/04/2022,415.31,452.48,544.84,
13/04/2022,415.31,452.48,544.84,
14/04/2022,414.84,448.92,542.03,
14/04/2022,414.84,448.92,542.03,
15/04/2022,414.52,448.17,541.36,
15/04/2022,414.52,448.17,541.36,
18/04/2022,416.76,449.27,542.12,
18/04/2022,416.76,449.27,542.12,
19/04/2022,415.51,448.51,540.74,
19/04/2022,415.51,448.51,540.74,
20/04/2022,415.89,451.25,543.5,
20/04/2022,415.89,451.25,543.5,
21/04/2022,417.3,452.15,543.52,
21/04/2022,417.3,452.15,543.52,
22/04/2022,415.58,448.27,533.58,
22/04/2022,415.58,448.27,533.58,
25/04/2022,415.14,444.74,528.76,
25/04/2022,415.14,444.74,528.76,
26/04/2022,416.04,442.8,523.45,
26/04/2022,416.04,442.8,523.45,
27/04/2022,415.67,438.71,521.25,
27/04/2022,415.67,438.71,521.25,
28/04/2022,415.23,436.14,517.58,
28/04/2022,415.23,436.14,517.58,
29/04/2022,415.26,437.84,521.83,
29/04/2022,415.26,437.84,521.83,
02/05/2022,415.19,436.35,518.95,
02/05/2022,415.19,436.35,518.95,
03/05/2022,413.08,434.78,516.29,
03/05/2022,413.08,434.78,516.29,
04/05/2022,415.46,441.26,524.17,
04/05/2022,415.46,441.26,524.17,
05/05/2022,415.41,437.83,513.55,
05/05/2022,415.41,437.83,513.55,
06/05/2022,415.19,437.95,512.43,
06/05/2022,415.19,437.95,512.43,
09/05/2022,415.79,439.21,512.87,
09/05/2022,415.79,439.21,512.87,
10/05/2022,415.11,437.08,510.84,
10/05/2022,415.11,437.08,510.84,
11/05/2022,415.18,436.43,507.92,
11/05/2022,415.18,436.43,507.92,
12/05/2022,415.51,431.26,507.1,
12/05/2022,415.51,431.26,507.1,
13/05/2022,415.26,432.36,509.18,
13/05/2022,415.26,432.36,509.18,
16/05/2022,415.77,433.85,512.26,
16/05/2022,415.77,433.85,512.26,
17/05/2022,414.86,437.69,518.19,
17/05/2022,414.86,437.69,518.19,
18/05/2022,415.4,434.62,512.65,
18/05/2022,415.4,434.62,512.65,
19/05/2022,415.2,439.49,517.98,
19/05/2022,415.2,439.49,517.98,
20/05/2022,415.12,438.47,518.54,
20/05/2022,415.12,438.47,518.54,
23/05/2022,415.5,444.16,522.99,
23/05/2022,415.5,444.16,522.99,
24/05/2022,415.22,445.68,520.39,
24/05/2022,415.22,445.68,520.39,
25/05/2022,415.1,443.35,522.17,
25/05/2022,415.1,443.35,522.17,
26/05/2022,415.21,445.56,523.25,
26/05/2022,415.21,445.56,523.25,
27/05/2022,415.22,445.62,524.39,
27/05/2022,415.22,445.62,524.39,
30/05/2022,414.98,447.28,525.09,
30/05/2022,414.98,447.28,525.09,
31/05/2022,415.2,445.65,523.17,
31/05/2022,415.2,445.65,523.17,
01/06/2022,415.02,442.11,518.18,
01/06/2022,415.02,442.11,518.18,
02/06/2022,415.09,446.15,522.03,
02/06/2022,415.09,446.15,522.03,
03/06/2022,415.12,445.01,518.51,
03/06/2022,415.12,445.01,518.51,
06/06/2022,415.07,443.91,520.17,
06/06/2022,415.07,443.91,520.17,
07/06/2022,415.08,444.37,522.64,
07/06/2022,415.08,444.37,522.64,
08/06/2022,414.97,444.74,520.23,
08/06/2022,414.97,444.74,520.23,
09/06/2022,415.13,440.81,518.78,
09/06/2022,415.13,440.81,518.78,
10/06/2022,415.13,436.69,511.22,
10/06/2022,415.13,436.69,511.22,
13/06/2022,415.15,432.12,503.77,
13/06/2022,415.15,432.12,503.77,
14/06/2022,419.67,437.09,503.51,
14/06/2022,419.67,437.09,503.51,
15/06/2022,417.88,436.59,508.63,
15/06/2022,417.88,436.59,508.63,
16/06/2022,418.11,441.3,516.55,
16/06/2022,418.11,441.3,516.55,
17/06/2022,415.37,436.1,507.81,
17/06/2022,415.37,436.1,507.81,
20/06/2022,419.75,441.28,514.13,
20/06/2022,419.75,441.28,514.13,
21/06/2022,417.95,440.35,513.25,
21/06/2022,417.95,440.35,513.25,
22/06/2022,415.02,438.47,508.99,
22/06/2022,415.02,438.47,508.99,
23/06/2022,415.13,436.87,508.9,
23/06/2022,415.13,436.87,508.9,
24/06/2022,414.99,438.06,508.96,
24/06/2022,414.99,438.06,508.96,
27/06/2022,417.92,442.35,512.72,
27/06/2022,417.92,442.35,512.72,
28/06/2022,415.1,436.76,505.88,
28/06/2022,415.1,436.76,505.88,
29/06/2022,414.93,433.23,502.98,
29/06/2022,414.93,433.23,502.98,
30/06/2022,415.06,435.02,505.37,
30/06/2022,415.06,435.02,505.37,
01/07/2022,415.26,433.08,502.25,
01/07/2022,415.26,433.08,502.25,
04/07/2022,417.92,435.55,505.79,
04/07/2022,417.92,435.55,505.79,
05/07/2022,417.96,429.08,499.67,
05/07/2022,417.96,429.08,499.67,
06/07/2022,418.03,425.69,498.22,
06/07/2022,418.03,425.69,498.22,
07/07/2022,417.92,424.73,502.44,
07/07/2022,417.92,424.73,502.44,
08/07/2022,418.19,426,503.06,
08/07/2022,418.19,426,503.06,
11/07/2022,418.44,420.04,497.58,
11/07/2022,418.44,420.04,497.58,
12/07/2022,417.82,419.33,496.67,
12/07/2022,417.82,419.33,496.67,
13/07/2022,415.33,417.7,493.97,
13/07/2022,415.33,417.7,493.97,
14/07/2022,421.59,422.42,498.58,
14/07/2022,421.59,422.42,498.58,
15/07/2022,415.4,418.75,492.94,
15/07/2022,415.4,418.75,492.94,
18/07/2022,421.59,427.77,503.9,
18/07/2022,421.59,427.77,503.9,
19/07/2022,421.65,431.26,505.97,
19/07/2022,421.65,431.26,505.97,
20/07/2022,421.35,428.94,504.75,
20/07/2022,421.35,428.94,504.75,
21/07/2022,421.51,431.12,505.6,
21/07/2022,421.51,431.12,505.6,
22/07/2022,414.72,423.51,497.97,
22/07/2022,414.72,423.51,497.97,
25/07/2022,421.48,430.8,507.76,
25/07/2022,421.48,430.8,507.76,
26/07/2022,421.53,426.53,507.15,
26/07/2022,421.53,426.53,507.15,
27/07/2022,421.41,429.9,512.36,
27/07/2022,421.41,429.9,512.36,
28/07/2022,421.7,429.96,513.47,
28/07/2022,421.7,429.96,513.47,
29/07/2022,415.87,425.28,506.35,
29/07/2022,415.87,425.28,506.35,
01/08/2022,422.01,433.01,517.18,
01/08/2022,422.01,433.01,517.18,
02/08/2022,421.81,428.75,513.04,
02/08/2022,421.81,428.75,513.04,
03/08/2022,415.51,422.59,504.66,
03/08/2022,415.51,422.59,504.66,
04/08/2022,416.21,426.48,506,
04/08/2022,416.21,426.48,506,
05/08/2022,417.57,425.39,504.11,
05/08/2022,417.57,425.39,504.11,
08/08/2022,416.01,424.08,502.51,
08/08/2022,416.01,424.08,502.51,
09/08/2022,415.85,424.72,502.12,
09/08/2022,415.85,424.72,502.12,
10/08/2022,418.1,430.62,510.79,
10/08/2022,418.1,430.62,510.79,
11/08/2022,418.87,432.37,510.99,
11/08/2022,418.87,432.37,510.99,
12/08/2022,419.22,430.23,508.8,
12/08/2022,419.22,430.23,508.8,
15/08/2022,423.34,430.27,510.46,
16/08/2022,423.16,430.25,511.6,
17/08/2022,423.83,431.34,510.75,
18/08/2022,423.55,427.34,505.33,
19/08/2022,420.33,421.84,497.19,
22/08/2022,423.73,421.42,498.56,
23/08/2022,423.95,422.7,501.68,
24/08/2022,423.96,422.62,500.01,
25/08/2022,423.93,422.94,501.8,
26/08/2022,422.2,420.68,495.33,
29/08/2022,426.25,426.21,498.96,
30/08/2022,421.16,421.85,490.88,
31/08/2022,420.51,422.63,488.54,
01/09/2022,421.58,419.33,486.56,
01/09/2022,421.58,419.33,486.56,
02/09/2022,423.42,421.43,487.55,
02/09/2022,423.42,421.43,487.55,
05/09/2022,428.75,425.81,494,
05/09/2022,428.75,425.81,494,
06/09/2022,423.65,419.6,487.94,
06/09/2022,423.65,419.6,487.94,
07/09/2022,424.04,424.4,489.2,
07/09/2022,424.04,424.4,489.2,
08/09/2022,425.4,425.29,489.26,
08/09/2022,425.4,425.29,489.26,
09/09/2022,427.26,433.52,495.49,
09/09/2022,427.26,433.52,495.49,
12/09/2022,423.6,428.66,494.79,
12/09/2022,423.6,428.66,494.79,
13/09/2022,427.6,426.14,491.49,
13/09/2022,427.6,426.14,491.49,
14/09/2022,427.41,426.59,493.31,
14/09/2022,427.41,426.59,493.31,
15/09/2022,427.82,427.65,490.6,
15/09/2022,427.82,427.65,490.6,
16/09/2022,428.88,429.57,489.82,
16/09/2022,428.88,429.57,489.82,
19/09/2022,432.93,434.08,494.97,
19/09/2022,432.93,434.08,494.97,
20/09/2022,430.63,429.39,489.99,
20/09/2022,430.63,429.39,489.99,
21/09/2022,431.03,424.16,485.99,
21/09/2022,431.03,424.16,485.99,
22/09/2022,432.34,425.3,486.57,
22/09/2022,432.34,425.3,486.57,
23/09/2022,430.55,417.29,466.93,
23/09/2022,430.55,417.29,466.93,
26/09/2022,433.71,416.77,463.19,
26/09/2022,433.71,416.77,463.19,
27/09/2022,433.26,415.77,465.01,
27/09/2022,433.26,415.77,465.01,
28/09/2022,431.31,419.84,469.48,
28/09/2022,431.31,419.84,469.48,
29/09/2022,434.18,426.29,482.94,
29/09/2022,434.18,426.29,482.94,
30/09/2022,432.37,423.81,483.07,
30/09/2022,432.37,423.81,483.07,
03/10/2022,432.35,424.69,489.39,
03/10/2022,432.35,424.69,489.39,
04/10/2022,434.52,433.82,498.48,
04/10/2022,434.52,433.82,498.48,
05/10/2022,434.06,429.07,491.45,
05/10/2022,434.06,429.07,491.45,
06/10/2022,432.52,423.65,483.04,
06/10/2022,432.52,423.65,483.04,
07/10/2022,433.72,422.4,481,
07/10/2022,433.72,422.4,481,
10/10/2022,432.87,420.06,478.72,
10/10/2022,432.87,420.06,478.72,
11/10/2022,434.28,421.45,476.63,
11/10/2022,434.28,421.45,476.63,
12/10/2022,438.85,425.95,487.18,
12/10/2022,438.85,425.95,487.18,
13/10/2022,435.14,425.43,493.06,
13/10/2022,435.14,425.43,493.06,
14/10/2022,435.18,423.06,486.16,
14/10/2022,435.18,423.06,486.16,
17/10/2022,438.72,431.75,498.59,
17/10/2022,438.72,431.75,498.59,
18/10/2022,436.3,430.32,494.08,
18/10/2022,436.3,430.32,494.08,
19/10/2022,436.55,426.68,489.74,
19/10/2022,436.55,426.68,489.74,
20/10/2022,436.32,426.97,490.24,
20/10/2022,436.32,426.97,490.24,
21/10/2022,436.61,430.52,493.83,
21/10/2022,436.61,430.52,493.83,
24/10/2022,438.4,432.8,494.54,
24/10/2022,438.4,432.8,494.54,
25/10/2022,436.5,435.07,500.72,
25/10/2022,436.5,435.07,500.72,
26/10/2022,434.57,438.14,505.14,
26/10/2022,434.57,438.14,505.14,
27/10/2022,435.18,433.75,503.36,
27/10/2022,435.18,433.75,503.36,
28/10/2022,438,436.47,508.67,
28/10/2022,438,436.47,508.67,
31/10/2022,439.93,434.82,504.54,
31/10/2022,439.93,434.82,504.54,
01/11/2022,441,435.56,506.62,
01/11/2022,441,435.56,506.62,
02/11/2022,438.87,431,499.92,
02/11/2022,438.87,431,499.92,
03/11/2022,438.6,427.59,489.55,
03/11/2022,438.6,427.59,489.55,
04/11/2022,439.38,438.61,500.01,
04/11/2022,439.38,438.61,500.01,
07/11/2022,441.57,442.37,508.27,
07/11/2022,441.57,442.37,508.27,
08/11/2022,441.47,444.78,509.77,
08/11/2022,441.47,444.78,509.77,
09/11/2022,440.08,440.64,499.86,
09/11/2022,440.08,440.64,499.86,
10/11/2022,440.45,449.29,515.4,
10/11/2022,440.45,449.29,515.4,
11/11/2022,440.96,457.34,520.86,
11/11/2022,440.96,457.34,520.86,
14/11/2022,442.92,457.2,520.59,
14/11/2022,442.92,457.2,520.59,
15/11/2022,441.44,456.7,523.73,
15/11/2022,441.44,456.7,523.73,
16/11/2022,440.96,458.36,525.42,
16/11/2022,440.96,458.36,525.42,
17/11/2022,441.47,457.54,523.81,
17/11/2022,441.47,457.54,523.81,
18/11/2022,442.66,457.91,526.54,
18/11/2022,442.66,457.91,526.54,
21/11/2022,442.83,453.56,523.49,
21/11/2022,442.83,453.56,523.49,
22/11/2022,443.48,457,527.19,
22/11/2022,443.48,457,527.19,
23/11/2022,441.67,459.24,532.37,
23/11/2022,441.67,459.24,532.37,
24/11/2022,442.96,461.08,536.65,
24/11/2022,442.96,461.08,536.65,
25/11/2022,443.26,461.59,535.95,
25/11/2022,443.26,461.59,535.95,
28/11/2022,444.02,459.22,531.08,
28/11/2022,444.02,459.22,531.08,
29/11/2022,443.62,458.21,530.3,
29/11/2022,443.62,458.21,530.3,
30/11/2022,443.91,462.09,535.35,
30/11/2022,443.91,462.09,535.35,
01/12/2022,443.83,467.04,544.03,
01/12/2022,443.83,467.04,544.03,
02/12/2022,444.17,468.01,546.33,
02/12/2022,444.17,468.01,546.33,
05/12/2022,443.99,465.97,541.42,
05/12/2022,443.99,465.97,541.42,
06/12/2022,444.05,464.76,538.67,
06/12/2022,444.05,464.76,538.67,
07/12/2022,443.97,466.57,542.01,
07/12/2022,443.97,466.57,542.01,
08/12/2022,444.97,469.75,544.36,
08/12/2022,444.97,469.75,544.36,
09/12/2022,444.97,469.3,545.49,
09/12/2022,444.97,469.3,545.49,
12/12/2022,444.16,468,544.68,
12/12/2022,444.16,468,544.68,
13/12/2022,444.18,472.33,549.37,
13/12/2022,444.18,472.33,549.37,
14/12/2022,445.46,475.82,553.62,
14/12/2022,445.46,475.82,553.62,
15/12/2022,444.42,472.42,541.57,
15/12/2022,444.42,472.42,541.57,
16/12/2022,445.47,472.1,540.98,
16/12/2022,445.47,472.1,540.98,
19/12/2022,448.84,476.18,545.26,
19/12/2022,448.84,476.18,545.26,
20/12/2022,445.88,473.72,543.27,
20/12/2022,445.88,473.72,543.27,
21/12/2022,445.96,473,538.84,
21/12/2022,445.96,473,538.84,
22/12/2022,445.88,472.59,536.76,
22/12/2022,445.88,472.59,536.76,
23/12/2022,446.63,476.42,538.63,
23/12/2022,446.63,476.42,538.63,
26/12/2022,445.88,474.29,537.95,
26/12/2022,445.88,474.29,537.95,
27/12/2022,445.76,474.35,536.16,
27/12/2022,445.76,474.35,536.16,
28/12/2022,446.64,474.18,536.74,
28/12/2022,446.64,474.18,536.74,
29/12/2022,445.95,475.46,537.64,
29/12/2022,445.95,475.46,537.64,
30/12/2022,448.08,480.36,542.09,
30/12/2022,448.08,480.36,542.09,
02/01/2023,447.46,477.31,539.17,
03/01/2023,448.55,473.15,536.86,
04/01/2023,455.98,483.7,549.94,
05/01/2023,448.45,471.84,534.19,
06/01/2023,450.05,479.93,544.25,
09/01/2023,456.4,489.85,555.99,
10/01/2023,450.76,483.97,547.55,
11/01/2023,451.38,485.61,548.32,
12/01/2023,451.74,490.06,551.87,
13/01/2023,452.59,490.9,553.56,
16/01/2023,457.36,495,558.04,
17/01/2023,457.96,494.23,562.63,
18/01/2023,456.89,493.1,564.14,
19/01/2023,460.5,498.75,570.5,
20/01/2023,455.06,494.09,563.77,
23/01/2023,458.66,498.58,567.81,
24/01/2023,455.04,495.37,561.18,
25/01/2023,457.01,498.79,566.74,
26/01/2023,457.42,498.2,567.52,
27/01/2023,460.28,500.3,569.76,
30/01/2023,460.54,499.77,568.93,
31/01/2023,459.9,499.53,566.48,
01/02/2023,460.49,506,569.85,
02/02/2023,460.19,502.01,562.56,
03/02/2023,460.54,497.64,555.13,
06/02/2023,460.23,493.65,553.25,
07/02/2023,459.8,493.15,553.88,
08/02/2023,460.04,492.96,555.3,
09/02/2023,460.52,494.58,558.18,
10/02/2023,459.49,491.13,554.33,
13/02/2023,460.54,493.91,559.09,
14/02/2023,460.74,494.68,560.98,
15/02/2023,461.66,493.49,555.56,
16/02/2023,460.51,491.14,551.49,
17/02/2023,460.54,493.54,554.72,
20/02/2023,460.72,492.43,554.8,
21/02/2023,461.11,491.12,558.61,
22/02/2023,460.13,488.04,554.38,
23/02/2023,460.12,487.65,553.06,
24/02/2023,459,484.18,548.28,
27/02/2023,460.24,488.18,555.37,
28/02/2023,460.13,486.76,553.76,
01/03/2023,459.5,490.23,552.66,
02/03/2023,460.11,487.74,549.93,
03/03/2023,459,488.44,552.43,
06/03/2023,460.43,491.85,553.56,
07/03/2023,460.37,485.72,544.6,
08/03/2023,460.43,485.63,545.53,
09/03/2023,460.6,487.38,548.94,
10/03/2023,458.17,488.25,551.32,
13/03/2023,460.72,494.38,561.19,
14/03/2023,460.43,494.26,559.85,
15/03/2023,460.61,487.24,555.4,
16/03/2023,460.4,488.69,557.5,
17/03/2023,458.74,492.79,558.83,
20/03/2023,460.48,493.75,565.43,
21/03/2023,460.37,495.78,562.53,
22/03/2023,460.44,500.16,564.87,
23/03/2023,460.16,498.58,565.37,
24/03/2023,460.48,495.5,563.03,
27/03/2023,460.74,497.51,566.02,
28/03/2023,459.89,498.7,567.5,
29/03/2023,460.16,499.15,566.82,
30/03/2023,460.41,502,570.29,
31/03/2023,460.34,500.23,568.24,
03/04/2023,461.25,502.97,572.87,
04/04/2023,462.03,506.22,577.6,
05/04/2023,461.94,503.88,575.68,
06/04/2023,460.12,502.4,572.33,
07/04/2023,465,506.84,577.58,
10/04/2023,460.68,500.47,570.56,
11/04/2023,462.01,504.3,574.2,
12/04/2023,461.72,507.51,576.47,
13/04/2023,462.03,510.43,578.68,
14/04/2023,464.5,515.29,577.09,
17/04/2023,460.42,503.13,569.76,
18/04/2023,462.04,507.04,574.15,
19/04/2023,460.59,504.61,572.91,
20/04/2023,461.52,506.3,574.28,
21/04/2023,460.53,511.05,572.67,
24/04/2023,459.07,507.22,573.42,
25/04/2023,460.45,505.53,571.72,
26/04/2023,461.51,509.52,575.38,
27/04/2023,460.81,508.22,575.86,
28/04/2023,461.5,513.63,580.06,
01/05/2023,460.34,505.21,575.09,
02/05/2023,460.82,507.07,574.64,
03/05/2023,460.56,510.08,579.03,
04/05/2023,461.5,508.36,580.33,
05/05/2023,461.5,513.4,583.29,
08/05/2023,460.92,507.15,581.64,
09/05/2023,461.24,505.82,582.27,
10/05/2023,461.3,506.69,582.47,
11/05/2023,462.1,504.43,578.19,
12/05/2023,462.5,505.49,575.72,
15/05/2023,462.06,502.56,578.96,
16/05/2023,460.67,500.42,575.14,
17/05/2023,460.67,499.39,575.31,
18/05/2023,461.19,496.97,572.39,
19/05/2023,462,499.81,575.03,
22/05/2023,462.5,500.2,575.17,
23/05/2023,460.77,496.33,572.25,
24/05/2023,462.57,497.06,571.83,
25/05/2023,460.96,494.38,567.95,
26/05/2023,461.5,495.25,569.77,
29/05/2023,460.72,493.38,569.23,
30/05/2023,461.65,495.41,572.81,
31/05/2023,461.05,492.83,573.56,
01/06/2023,461.06,496.3,577.48,
02/06/2023,462,494.96,575.24,
05/06/2023,462.97,495.9,575.62,
06/06/2023,463.87,496.14,576.32,
07/06/2023,462,494.41,574.78,
08/06/2023,462.39,498.6,580.75,
09/06/2023,464,498.75,583.02,
12/06/2023,462.8,497.99,578.99,
13/06/2023,463.29,499.86,584.2,
14/06/2023,465.5,504.33,589.46,
15/06/2023,465.5,509.51,595.15,
16/06/2023,656.5,719.29,841.9,
19/06/2023,651.92,712.24,834.68,
20/06/2023,690.31,753.74,881.12,
21/06/2023,755.5,830.22,964.59,
22/06/2023,774.96,848.93,987.63,
23/06/2023,823,898.42,1046.36,
26/06/2023,783.12,854.42,995.52,
27/06/2023,764.74,838.24,975.04,
28/06/2023,759.69,829.19,960.31,
29/06/2023,754.38,819.74,951.57,
30/06/2023,760.27,829.94,966.04,
03/07/2023,763.11,832.86,968.56,
04/07/2023,765.85,833.18,973.65,
05/07/2023,774.52,840.88,984.08,
06/07/2023,774.06,842.95,985.99,
07/07/2023,769.5,844.06,987.92,
10/07/2023,774.09,851.53,995.59,
11/07/2023,790.31,870.1,1022.05,
12/07/2023,776.5,864.65,1008.68,
13/07/2023,777.5,872.84,1021.28,
14/07/2023,777.04,873.67,1017.22,
17/07/2023,777.5,873.83,1016.34,
18/07/2023,778.62,874.45,1015.26,
19/07/2023,791.51,886.57,1023.86,
20/07/2023,781.78,870.53,1006.33,
21/07/2023,776.5,864.46,998.27,
24/07/2023,792.61,877,1016.34,
25/07/2023,789.28,872.36,1017.66,
26/07/2023,791.11,877.2,1023.75,
27/07/2023,790.99,868.69,1012.31,
28/07/2023,775.71,855.72,996.47,
31/07/2023,760.4,836.56,976.29,
01/08/2023,758.52,834.58,970.04,
02/08/2023,776.36,849.64,987.21,
03/08/2023,778,852.01,989.08,
04/08/2023,767.45,846.18,978.35,
07/08/2023,768.23,845.2,981.98,
08/08/2023,750.97,822.72,957.14,
09/08/2023,765.52,840.44,973.7,
10/08/2023,769.24,844.97,975.09,
11/08/2023,769.2,842.77,976.42,
14/08/2023,768.55,838.29,974.87,
15/08/2023,761.5,830.3,967.17,
16/08/2023,760.61,827.71,968.33,
17/08/2023,768.48,835.56,979.51,
18/08/2023,769.5,837.95,979.88,
21/08/2023,765.43,834.06,976.4,
22/08/2023,761.09,825.51,968.89,
23/08/2023,761.33,827.23,968.79,
24/08/2023,755.81,817.1,952.27,
25/08/2023,772.34,833.74,971.68,
28/08/2023,772.65,836.31,974.01,
29/08/2023,772.47,840.59,977.01,
30/08/2023,773.2,844.76,983.48,
31/08/2023,774.12,839.43,981.24,
01/09/2023,775.5,836.58,976.13,
04/09/2023,757.49,817.94,956.73,
05/09/2023,758.2,813.36,952.93,
06/09/2023,754.36,809.15,943.18,
07/09/2023,754.17,806.79,940.78,
08/09/2023,785.5,841.05,979.13,
11/09/2023,752.83,809.33,941.92,
12/09/2023,744.92,801.14,930.57,
13/09/2023,745.68,800.38,931.41,
14/09/2023,777.67,827.62,965.07,
15/09/2023,784.74,837.36,972,
18/09/2023,788.16,842.63,976.04,
19/09/2023,775.54,828.4,961.16,
20/09/2023,774.44,825.34,955.33,
21/09/2023,770.01,821.09,946.63,
22/09/2023,770.5,821.65,943.01,
25/09/2023,780.24,826.68,952.89,
26/09/2023,779.55,824.02,947.4,
27/09/2023,781.5,820.93,948.2,
28/09/2023,778.57,822.69,950.56,
29/09/2023,770.5,815.21,940.16,
02/10/2023,768.57,805.66,929.22,
03/10/2023,766,801.79,925.13,
04/10/2023,766.23,805.19,930.07,
05/10/2023,759.36,801,925.67,
06/10/2023,767,812.54,938.73,
09/10/2023,766.71,810.5,938.51,
10/10/2023,763.42,809.6,937.81,
11/10/2023,766.61,814.28,943.78,
12/10/2023,768.6,809.45,935.96,
13/10/2023,770.01,809.47,933.56,
16/10/2023,770.62,813.54,941.29,
17/10/2023,765.5,809.63,932.51,
18/10/2023,765.33,806.61,929.47,
19/10/2023,772.53,817.6,938.14,
20/10/2023,764,809.71,928.26,
23/10/2023,874.71,933.5,1071.5,
24/10/2023,883.62,935.86,1074.49,
25/10/2023,800.9,846.35,969.54,
26/10/2023,796.14,840.98,966.03,
27/10/2023,795,840.34,964.18,
30/10/2023,788.3,836.82,959.1,
31/10/2023,786.68,832.07,956.07,
01/11/2023,787.29,832.6,957.89,
02/11/2023,786.09,835.01,959.29,
03/11/2023,788.5,846.53,975.77,
06/11/2023,803.42,861.46,991.89,
07/11/2023,795.08,850.49,977.19,
08/11/2023,795.11,851.49,976.63,
09/11/2023,803.2,856.6,981.21,
10/11/2023,805,861.15,983.95,
13/11/2023,803.67,859.92,986.99,
14/11/2023,802.67,873.46,1003.14,
15/11/2023,791.76,858.92,983.08,
16/11/2023,791.76,859.52,983.08,
17/11/2023,791.76,864.38,986.53,
20/11/2023,820.18,897.72,1026,
21/11/2023,818.67,893.71,1026.71,
22/11/2023,816.11,888.49,1019.54,
23/11/2023,804.94,877.75,1008.85,
24/11/2023,812.5,889.39,1023.83,
27/11/2023,800.57,877.22,1011.35,
28/11/2023,799.5,879.79,1016.15,
29/11/2023,792.41,869.52,1005.99,
30/11/2023,789.92,860.58,997.79,
01/12/2023,789,859.42,1001.95,
04/12/2023,797.47,864.19,1007.38,
05/12/2023,798,861.23,1004.81,
06/12/2023,803.5,865.07,1009.1,
07/12/2023,801,864.35,1008.29,
08/12/2023,803.5,865.65,1008.23,
11/12/2023,791.88,852.43,994.05,
12/12/2023,789.54,852.6,992.47,
13/12/2023,796.04,866.37,1004.96,
14/12/2023,792.2,871.16,1011.77,
15/12/2023,802.99,875.94,1018.91,
18/12/2023,789.91,862.75,998.99,
19/12/2023,794.59,872.52,1011.57,
20/12/2023,824.98,902.85,1042.45,
21/12/2023,824.85,908.1,1046.78,
22/12/2023,823.68,908.21,1046,
25/12/2023,764.5,842.65,971.69,
26/12/2023,764.5,844.31,973.18,
27/12/2023,764.5,849.39,978.65,
28/12/2023,897.5,993.22,1142.79,
29/12/2023,896.64,991.28,1142.23,
01/01/2024,899.1,992.39,1144.56,
02/01/2024,884.65,968.08,1116.69,
03/01/2024,886.72,968.72,1123.47,
04/01/2024,891.84,976.05,1130.98,
05/01/2024,914.5,1001.81,1163.7,
08/01/2024,884.35,968.58,1127.38,
09/01/2024,896.75,980.35,1139.72,
10/01/2024,932.96,1023.72,1188.89,
11/01/2024,954.2,1047.31,1218.6,
12/01/2024,957.51,1049.81,1220.73,
15/01/2024,958.05,1048.87,1218.6,
16/01/2024,912.01,992.02,1152.46,
17/01/2024,873.48,950.69,1107.52,
18/01/2024,871.44,947.9,1107.38,
19/01/2024,891.04,971.64,1131.98,
22/01/2024,901.12,980.41,1144.82,
23/01/2024,909.33,987.41,1154.1,
24/01/2024,900.68,980.36,1145.78,
25/01/2024,900.93,977.12,1144.89,
26/01/2024,899.2,976.85,1142.79,
29/01/2024,902.03,977.48,1146.65,
30/01/2024,950.38,1030.56,1206.56,
31/01/2024,951.41,1028.46,1206.48,
01/02/2024,951.41,1034.61,1212.57,
02/02/2024,951.41,1027.39,1201.92,
05/02/2024,905,972.23,1134.49,
06/02/2024,905,973.43,1140.88,
07/02/2024,1407.64,1519.34,1780.68,
08/02/2024,1398.66,1526.63,1787.51,
09/02/2024,1428.39,1532.99,1795.17,
12/02/2024,1456.96,1595.54,1870.33,
13/02/2024,1493.13,1614.16,1897.81,
14/02/2024,1514.08,1622.21,1899.77,
15/02/2024,1522.92,1625.74,1901.55,
16/02/2024,1506.52,1623.78,1898.71,
19/02/2024,1518.69,1609.82,1880.61,
20/02/2024,1508.37,1641.46,1916.83,
21/02/2024,1597.77,1740.06,2032.14,
22/02/2024,1576.24,1745.44,2041.84,
23/02/2024,1561.21,1694.32,1983.14,
26/02/2024,1541.61,1696.66,1983.16,
27/02/2024,1544.71,1667.83,1950.82,
28/02/2024,1569.9,1688.98,1972.45,
29/02/2024,1583.94,1760.76,2057.34,
01/03/2024,1556.94,1755.28,2048.48,
04/03/2024,1542.79,1681.37,1965.39,
05/03/2024,1549.84,1681.71,1968.01,
06/03/2024,1557.65,1690.85,1975.19,
07/03/2024,1580.75,1739.79,2035.58,
08/03/2024,1587.75,1747.03,2052.67,
11/03/2024,1590.03,1749.99,2051.91,
12/03/2024,1599.61,1766.82,2068.44,
13/03/2024,1591.47,1758.91,2055.92,
14/03/2024,1587.27,1745.28,2044.68,
15/03/2024,1591.23,1742.99,2037.59,
18/03/2024,1580.6,1753.08,2052.13,
19/03/2024,1556.16,1707.36,1998.9,
20/03/2024,1489.17,1649.96,1930.69,
21/03/2024,1482.07,1707.32,1989.44,
22/03/2024,1424.14,1670.22,1938.12,
25/03/2024,1415.7,1555.54,1813.98,
26/03/2024,1411.93,1552.48,1809.84,
27/03/2024,1371.03,1517.67,1770.7,
28/03/2024,1359.65,1526.05,1785.45,
29/03/2024,1329.29,1521.03,1778.18,
01/04/2024,1302.67,1478.82,1727.92,
02/04/2024,1306.5,1407.72,1643.89,
03/04/2024,1292.52,1404.81,1640.01,
04/04/2024,1267.4,1446.32,1687.28,
05/04/2024,1260.21,1365.26,1591.25,
08/04/2024,1251.6,1386.46,1615.58,
09/04/2024,1238.07,1351.49,1577.76,
10/04/2024,1242.38,1353.68,1579.9,
11/04/2024,1242.59,1331.21,1557.94,
12/04/2024,1240.82,1330.43,1554.8,
15/04/2024,1143.55,1226.31,1436.57,
16/04/2024,1150.56,1222.71,1431.16,
17/04/2024,1139.52,1210.81,1413.09,
18/04/2024,1141.67,1224.88,1431.24,
19/04/2024,1145.65,1224,1419.89,
22/04/2024,1145.51,1261.57,1462.5,
23/04/2024,1157.81,1294.49,1505.86,
24/04/2024,1232.64,1321.62,1539.56,
25/04/2024,1241.23,1329.17,1549.77,
26/04/2024,1232.96,1328.56,1551.37,
29/04/2024,1244.03,1440.95,1688.61,
30/04/2024,1351.11,1449.61,1697.42,
01/05/2024,1358.3,1472.45,1722.14,
02/05/2024,1353.52,1492.66,1744.68,
03/05/2024,1372.7,1465.83,1708.28,
06/05/2024,1378.51,1485.28,1732.39,
07/05/2024,1377.08,1486.81,1729.16,
08/05/2024,1384.34,1493.24,1736.01,
09/05/2024,1399.39,1513.64,1758.46,
10/05/2024,1423.41,1534.47,1782.92,
13/05/2024,1437.38,1575.58,1833.89,
14/05/2024,1413.53,1587.25,1847.24,
15/05/2024,1500.35,1642.53,1914.07,
16/05/2024,1502.92,1644.28,1917.17,
17/05/2024,1504.92,1653.84,1930.86,
20/05/2024,1497.59,1599.55,1872.08,
21/05/2024,1497.51,1663.82,1948.11,
22/05/2024,1435,1553.74,1825.32,
23/05/2024,1439.37,1567.85,1840.84,
24/05/2024,1444.72,1592.67,1869.79,
27/05/2024,1466.7,1600.83,1882.66,
28/05/2024,1399.57,1589.73,1868.59,
29/05/2024,1378.7,1503.34,1767.51,
30/05/2024,1360.25,1437.69,1689.71,
31/05/2024,1439.1,1553.64,1822.59,
03/06/2024,1472.89,1611.57,1892.55,
04/06/2024,1473.1,1616.52,1897.65,
05/06/2024,1486.79,1630.49,1918.15,
06/06/2024,1481.47,1631.71,1916.6,
07/06/2024,1488.5,1614.08,1901.08,
10/06/2024,1460.92,1606.12,1899.55,
11/06/2024,1493.09,1622.44,1924.33,
12/06/2024,1505.25,1635.19,1935.18,
13/06/2024,1511.21,1644.28,1953.85,
14/06/2024,1507.16,1637.77,1935.52,
17/06/2024,1487.91,1613.1,1909.36,
18/06/2024,1489.44,1610.54,1905.88,
19/06/2024,1498.67,1610.03,1906.02,
20/06/2024,1498.57,1607.46,1901.11,
21/06/2024,1485.19,1602.39,1895.98,
24/06/2024,1490.52,1624.27,1919.58,
25/06/2024,1493.23,1628.81,1928.69,
26/06/2024,1508.72,1631.46,1928.07,
27/06/2024,1520.15,1632.31,1927.45,
28/06/2024,1505.35,1631.15,1924.63,
01/07/2024,1512.54,1641,1932.64,
02/07/2024,1512.05,1634.28,1929.46,
03/07/2024,1519,1645.85,1944.3,
04/07/2024,1517.72,1651.61,1949.02,
05/07/2024,1519.09,1647.2,1945.08,
08/07/2024,1517.34,1665.52,1970.6,
09/07/2024,1525.69,1663.03,1966.49,
10/07/2024,1536.55,1664.6,1974.68,
11/07/2024,1536.08,1724.05,2048.68,
12/07/2024,1582.83,1733.97,2061.75,
15/07/2024,1576.75,1738.87,2069.43,
16/07/2024,1584.24,1745.15,2077.07,
17/07/2024,1586.26,1754.7,2086.66,
18/07/2024,1585.42,1768.3,2100.05,
19/07/2024,1589.29,1759.15,2085.51,
22/07/2024,1613.1,1772.31,2104.44,
23/07/2024,1598.2,1766.39,2101.02,
24/07/2024,1595.11,1749.23,2082.22,
25/07/2024,1601.3,1752.27,2076.52,
26/07/2024,1601.29,1757.42,2079.97,
29/07/2024,1611.14,1756.56,2087.88,
30/07/2024,1613.9,1762.82,2092.12,
31/07/2024,1632.13,1788.82,2124.61,
01/08/2024,1649.57,1796.26,2119.72,
02/08/2024,1646.15,1797.41,2107.43,
05/08/2024,1607.37,1745.41,2035.47,
06/08/2024,1595.27,1732.07,2011.83,
07/08/2024,1586.28,1725.1,2003.61,
08/08/2024,1587.85,1723.46,2012.12,
09/08/2024,1583.3,1741.08,2028.97,
12/08/2024,1569.81,1737.84,2029.66,
13/08/2024,1572.56,1738.42,2034.16,
14/08/2024,1581.3,1748.53,2036.6,
15/08/2024,1587.34,1750.34,2050.46,
16/08/2024,1586.48,1747.18,2049.26,
19/08/2024,1579.45,1754.57,2055.97,
20/08/2024,1587.02,1760.75,2061.78,
21/08/2024,1570.7,1751.16,2055.27,
22/08/2024,1567.39,1754.3,2066.63,
23/08/2024,1559.29,1753.22,2067.69,
26/08/2024,1573.79,1763,2082.62,
27/08/2024,1586.9,1775.86,2105.4,
28/08/2024,1587.35,1778.53,2109.49,
29/08/2024,1589.84,1769.48,2103.06,
30/08/2024,1587.03,1766.83,2097.14,
02/09/2024,1589.05,1761.56,2091.46,
03/09/2024,1590.63,1757.32,2086.2,
04/09/2024,1589.8,1757.75,2084.96,
05/09/2024,1598.14,1778.77,2109.7,
06/09/2024,1593.7,1783.88,2112.31,
09/09/2024,1612.74,1800.91,2133,
10/09/2024,1625.98,1817.49,2157.26,
11/09/2024,1646.06,1817.58,2152.77,
12/09/2024,1645.94,1824.54,2163.12,
13/09/2024,1642.61,1825.57,2160.71,
16/09/2024,1642.68,1825.2,2166.55,
17/09/2024,1641.9,1826.68,2162.66,
18/09/2024,1641.23,1823.93,2167.05,
19/09/2024,1635.56,1825.13,2171.67,
20/09/2024,1628.87,1823.67,2173.13,
23/09/2024,1628.77,1827.77,2195.26,
24/09/2024,1599.71,1777.79,2132.69,
25/09/2024,1641.65,1848.47,2212,
26/09/2024,1639.24,1843.25,2211.87,
27/09/2024,1639.71,1846.6,2210.17,
30/09/2024,1653.98,1863.7,2238.5,
01/10/2024,1658.37,1858.06,2229.39,
02/10/2024,1661.35,1845.07,2215.96,
03/10/2024,1657.55,1837.26,2185.57,
04/10/2024,1639.56,1821.5,2177.01,
07/10/2024,1622.09,1784.35,2126.96,
08/10/2024,1616.61,1777.94,2122.03,
09/10/2024,1613.83,1776.17,2121.46,
10/10/2024,1617.07,1772.27,2116.73,
11/10/2024,1625.55,1772.04,2116.29,
14/10/2024,1622.88,1775.57,2125.9,
15/10/2024,1625.79,1782.59,2138.9,
16/10/2024,1631.86,1782.09,2131.41,
17/10/2024,1631.51,1776.5,2134.7,
18/10/2024,1632.24,1774.44,2129.97,
21/10/2024,1628.25,1776.46,2132.28,
22/10/2024,1634.58,1779.43,2139.74,
23/10/2024,1644.49,1781.91,2134.11,
24/10/2024,1646.42,1775.29,2127.32,
25/10/2024,1632.37,1778.9,2134.72,
28/10/2024,1634.45,1775.49,2129.41,
29/10/2024,1634.7,1777.98,2138.43,
30/10/2024,1641.73,1780.41,2124.9,
31/10/2024,1645.32,1784.28,2114.93,
01/11/2024,1632.99,1787.88,2126.11,
04/11/2024,1635.05,1792.46,2135.07,
05/11/2024,1641.77,1789.9,2135.01,
06/11/2024,1668.62,1786.93,2144.95,
07/11/2024,1668.12,1797.34,2160.14,
08/11/2024,1669.23,1796.9,2164.63,
11/11/2024,1668.2,1793.97,2166.09,
12/11/2024,1677.21,1783.24,2140.09,
13/11/2024,1680.01,1780.99,2142.78,
14/11/2024,1681.27,1775.48,2134.96,
15/11/2024,1668.03,1774.81,2123.62,
18/11/2024,1661.08,1756.6,2101.6,
19/11/2024,1673.86,1773.84,2123.03,
20/11/2024,1672.76,1776.97,2131.91,
21/11/2024,1674.38,1772.1,2129.99,
22/11/2024,1680.94,1774.82,2134.23,
25/11/2024,1684.24,1774.28,2124.71,
26/11/2024,1675.83,1763.29,2113.65,
27/11/2024,1685.62,1779.68,2135.83,
28/11/2024,1683.62,1783.41,2143.47,
29/11/2024,1678.91,1785.68,2149.09,
02/12/2024,1674.68,1768.02,2130.9,
03/12/2024,1665.39,1756.46,2118.02,
04/12/2024,1658.35,1744.06,2107.45,
05/12/2024,1610.29,1714.15,2065.9,
06/12/2024,1558.54,1713.85,2065.25,
09/12/2024,1542.45,1631.36,1970.28,
10/12/2024,1529.14,1631.55,1979.39,
11/12/2024,1538.75,1626.46,1975.65,
12/12/2024,1536.36,1628.88,1971.64,
13/12/2024,1539.56,1629.24,1957.14,
16/12/2024,1539.57,1620.25,1955.17,
17/12/2024,1542.56,1623.45,1966.8,
18/12/2024,1544.93,1632.89,1982.4,
19/12/2024,1540.73,1612.84,1944.86,
20/12/2024,1541.8,1610.24,1940.19,
23/12/2024,1539.18,1615.34,1945.73,
24/12/2024,1537.96,1607.13,1935.94,
25/12/2024,1536.22,1608.21,1939.46,
26/12/2024,1538.76,1603.02,1926.55,
27/12/2024,1538.26,1610.92,1942.43,
30/12/2024,1538.24,1615.65,1948.29,
31/12/2024,1534.2,1606.81,1943.06,
01/01/2025,1533.79,1601.91,1936.63,
02/01/2025,1538.02,1600.34,1929.5,
03/01/2025,1535.36,1601.84,1929.82,
06/01/2025,1531.34,1595.68,1922.7,
07/01/2025,1534.38,1605.4,1936.5,
08/01/2025,1538.38,1593.83,1909.65,
09/01/2025,1540.36,1592.43,1902.69,
10/01/2025,1543.79,1591.55,1895.15,
13/01/2025,1548.87,1585.11,1889.26,
14/01/2025,1549.26,1590.74,1884.73,
15/01/2025,1551.86,1599.38,1901.79,
16/01/2025,1552.31,1599.64,1899.75,
17/01/2025,1550.06,1603.55,1895.31,
20/01/2025,1552.56,1607.05,1901.79,
21/01/2025,1552.61,1615.48,1914.21,
22/01/2025,1554.26,1622.26,1918.93,
23/01/2025,1555.25,1621.78,1923.03,
24/01/2025,1534.65,1627.19,1934.08,
27/01/2025,1531.53,1617.37,1927.44,
28/01/2025,1533.27,1614.23,1925.6,
29/01/2025,1520.2,1606.68,1919.65,
30/01/2025,1519.1,1609.27,1923.42,
31/01/2025,1521.58,1612.37,1929.74,
03/02/2025,1491.37,1533.95,1846.39,
04/02/2025,1497.47,1545.88,1858.96,
05/02/2025,1494.84,1548.14,1860.87,
06/02/2025,1497.86,1556.27,1863.51,
07/02/2025,1501.29,1556.48,1868.56,
10/02/2025,1499.42,1553.5,1863.46,
11/02/2025,1498.7,1547.72,1858.81,
12/02/2025,1504.2,1554.54,1862.68,
13/02/2025,1507.06,1566.39,1881.38,
14/02/2025,1511.88,1572.17,1886.78,
17/02/2025,1509.96,1584.6,1907.98,
18/02/2025,1508.4,1582.44,1912.46,
19/02/2025,1507,1573.54,1899.67,
20/02/2025,1507.33,1570.48,1894.66,
21/02/2025,1503.6,1570.43,1895.71,
24/02/2025,1502.54,1577.42,1902.49,
25/02/2025,1501.19,1576.3,1898.55,
26/02/2025,1499.97,1574.84,1903.37,
27/02/2025,1497.99,1570.76,1903.71,
28/02/2025,1500.95,1565.88,1897.01,
03/03/2025,1498.48,1562.97,1893.15,
04/03/2025,1499.45,1579.23,1901.16,
05/03/2025,1499.3,1601.63,1913.05,
06/03/2025,1501.17,1619.1,1933.01,
07/03/2025,1505.07,1610.97,1919.7,
10/03/2025,1509.06,1638.65,1946.71,
11/03/2025,1531.01,1671.62,1982.76,
12/03/2025,1533.33,1665.95,1983.43,
13/03/2025,1538.59,1670.78,1994.19,
14/03/2025,1534.07,1679.17,1989.69,
17/03/2025,1536.44,1684.09,2003.18,
18/03/2025,1535.71,1688.25,2005.81,
19/03/2025,1536.21,1676.95,1999.53,
20/03/2025,1536.24,1668.94,1993.11,
21/03/2025,1536.98,1659.15,1971.06,
24/03/2025,1532.79,1663.17,1989.8,
25/03/2025,1534.34,1654.49,1985.03,
26/03/2025,1537.21,1657.94,1988.31,
27/03/2025,1538.36,1660.19,1990.85,
28/03/2025,1536.79,1659.36,1974.98,
31/03/2025,1532.2,1659.59,1982.02,
01/04/2025,1533.65,1661.18,1987.71,
02/04/2025,1535.05,1663.07,1996.41,
03/04/2025,1532.81,1692.04,2004.52,
04/04/2025,1529.97,1700.24,1998.93,
07/04/2025,1601.36,1697.65,1980.43,
08/04/2025,1580.61,1730.33,2015.83,
09/04/2025,1564.1,1725.43,2020.25,
10/04/2025,1583.55,1732.23,2004.16,
11/04/2025,1589.15,1832.02,2111.34,
14/04/2025,1596.59,1815.17,2108.25,
15/04/2025,1603.63,1825.27,2139.25,
16/04/2025,1601.61,1823.28,2117.12,
17/04/2025,1603.41,1824.31,2127.97,
18/04/2025,1604.29,1826.04,2129.99,
21/04/2025,1603.55,1840.92,2137.75,
22/04/2025,1603.19,1848.17,2163.13,
23/04/2025,1603.81,1840.92,2153.7,
24/04/2025,1604.27,1827.99,2141.35,
25/04/2025,1605.7,1828.89,2134.19,
28/04/2025,1603.37,1825.19,2148.79,
29/04/2025,1601.22,1825.68,2148.83,
30/04/2025,1601.53,1820.55,2142.06,
01/05/2025,1601.72,1814.97,2134.34,
02/05/2025,1601.39,1819.82,2137.07,
05/05/2025,1600.12,1821.77,2140.02,
06/05/2025,1601.09,1818.3,2142.26,
07/05/2025,1605.7,1824.22,2144.72,
08/05/2025,1607.05,1818.05,2144.72,
09/05/2025,1604.35,1809.59,2139.88,
12/05/2025,1599.32,1801.21,2139.7,
13/05/2025,1599.88,1781.63,2118.79,
14/05/2025,1598.71,1794.86,2129.03,
15/05/2025,1600.71,1793.29,2132.62,
16/05/2025,1599.34,1792.66,2133.29,
19/05/2025,1597.51,1799.73,2138.67,
20/05/2025,1597.22,1806.36,2144.07,
21/05/2025,1585.89,1807.93,2141.79,
22/05/2025,1585.88,1802.19,2143.84,
23/05/2025,1580.65,1799.61,2143.58,
26/05/2025,1580.95,1808.75,2154,
27/05/2025,1582.61,1803.99,2150.35,
28/05/2025,1586.64,1795.49,2140.9,
29/05/2025,1587.32,1788.71,2122.8,
30/05/2025,1586.77,1788.76,2122.05,
02/06/2025,1582.45,1803.84,2134.72,
03/06/2025,1578.77,1808.4,2150.05,
