Date,USD_NGN,EUR_NGN,GBP_NGN,USD_NGN_Norm,EUR_NGN_Norm,GBP_NGN_Norm
01/01/2021,396.7,482.2,542.42,0.013168775,0.04587929,0.044628825
04/01/2021,386.11,473.09,523.99,0.005060791,0.039587549,0.03424754
05/01/2021,388.31,477.56,529.17,0.006745169,0.042674715,0.03716534
06/01/2021,388.31,479.11,529.04,0.006745169,0.043745209,0.037092113
07/01/2021,389.39,477.75,528.37,0.007572045,0.042805937,0.036714715
08/01/2021,383.5,468.63,520.18,0.003062506,0.03650729,0.032101436
11/01/2021,387.66,471.4,524.25,0.006247512,0.038420366,0.034393993
12/01/2021,389.05,474.98,531.72,0.007311732,0.040892861,0.038601709
13/01/2021,386.4,469.94,527.35,0.005282822,0.03741203,0.036140167
14/01/2021,388.43,471.97,531.48,0.006837044,0.038814031,0.038466521
15/01/2021,381.2,460.31,517.82,0.001301565,0.030761156,0.030772091
18/01/2021,389.37,470.27,528.92,0.007556733,0.037639941,0.03702452
19/01/2021,385.97,468.55,526.62,0.004953603,0.036452038,0.035728971
20/01/2021,387.57,469.53,529.68,0.006178605,0.037128867,0.037452614
21/01/2021,380.5,462.9,522.38,0.000765626,0.032549916,0.033340656
22/01/2021,381.5,464.36,521.95,0.001531253,0.033558252,0.033098445
25/01/2021,386.96,469.87,529.22,0.005711573,0.037363685,0.037193504
26/01/2021,388,471.96,533.11,0.006507825,0.038807125,0.039384671
27/01/2021,387.54,468.98,529.79,0.006155637,0.036749014,0.037514575
28/01/2021,387.11,469.17,531.29,0.005826417,0.036880236,0.038359498
29/01/2021,380.5,461.84,521.49,0.000765626,0.031817836,0.032839335
01/02/2021,388.72,469.1,531.6,0.007059076,0.036831891,0.038534115
02/02/2021,380,457.38,519.04,0.000382813,0.028737577,0.031459294
03/02/2021,388.03,467.24,529.67,0.006530793,0.035547299,0.037446981
04/02/2021,387.49,463.73,529.79,0.006117355,0.033123148,0.037514575
05/02/2021,381,459.06,523.36,0.00114844,0.029897854,0.033892672
08/02/2021,381,459.14,523.71,0.00114844,0.029953105,0.034089821
09/02/2021,381,461.68,526.37,0.00114844,0.031707334,0.035588151
10/02/2021,391.41,474.34,541.36,0.009118611,0.040450851,0.044031747
11/02/2021,391.55,474.99,540.79,0.009225799,0.040899767,0.043710676
12/02/2021,381,461.78,527.45,0.00114844,0.031776398,0.036196495
15/02/2021,399.64,484.85,556.1,0.015419716,0.047709489,0.052334522
16/02/2021,396.39,479.17,550.41,0.01293143,0.043786647,0.049129448
17/02/2021,396.42,477.55,549.62,0.012954399,0.042667809,0.048684455
18/02/2021,396.14,479.01,553.28,0.012740024,0.043676145,0.050746067
19/02/2021,381,461.69,533.61,0.00114844,0.03171424,0.039666312
22/02/2021,396.39,482.17,557.63,0.01293143,0.045858571,0.053196343
23/02/2021,396.07,481.26,559.21,0.01268643,0.045230087,0.054086329
24/02/2021,396.01,481.94,560.24,0.012640492,0.045699723,0.054666509
25/02/2021,393.28,478.15,550.74,0.010550332,0.043082193,0.049315331
26/02/2021,381.08,460.04,530.88,0.00120969,0.030574682,0.038128552
01/03/2021,380.5,458.45,529.99,0.000765626,0.029476563,0.037627231
02/03/2021,381,460.44,531.65,0.00114844,0.030850939,0.038562279
03/03/2021,381,458.98,530.43,0.00114844,0.029842603,0.037875075
04/03/2021,380,454.79,527.96,0.000382813,0.026948817,0.036483769
05/03/2021,381,453.82,527.13,0.00114844,0.026278895,0.036016245
08/03/2021,380.5,450.93,525.92,0.000765626,0.024282942,0.035334674
09/03/2021,396.09,471.23,550.06,0.012701743,0.038302957,0.048932299
10/03/2021,396.12,472.36,551.81,0.012724711,0.039083381,0.049918042
11/03/2021,396.42,474.96,554.51,0.012954399,0.040879048,0.051438904
12/03/2021,381,455.43,530.35,0.00114844,0.027390827,0.037830013
15/03/2021,381,454.38,529.53,0.00114844,0.026665654,0.037368122
16/03/2021,380,452.25,528.29,0.000382813,0.025194588,0.036669652
17/03/2021,405.13,485.49,566.19,0.019623006,0.048151499,0.058018036
18/03/2021,380.5,453.47,529.78,0.000765626,0.02603717,0.037508942
19/03/2021,380.5,454.56,527.86,0.000765626,0.026789969,0.036427441
22/03/2021,395.89,472.38,548.67,0.012548617,0.039097194,0.048149337
23/03/2021,380.5,450.5,522.46,0.000765626,0.023985966,0.033385719
24/03/2021,392.12,463.2,536.75,0.009662206,0.032757108,0.041435017
25/03/2021,392.46,462.18,539.49,0.009922519,0.032052654,0.042978409
26/03/2021,380,448.18,523.78,0.000382813,0.022383679,0.034129251
29/03/2021,394.95,464.8,544.02,0.011828928,0.033862134,0.045530076
30/03/2021,392.13,459.7,539.02,0.009669862,0.030339864,0.042713667
31/03/2021,395.46,463.77,545.16,0.012219398,0.033150774,0.046172218
01/04/2021,392.54,462.35,543.04,0.009983769,0.032170063,0.04497806
02/04/2021,381,448.08,526.94,0.00114844,0.022314615,0.035909221
05/04/2021,409.36,483.74,569.53,0.022861605,0.046942877,0.059899398
06/04/2021,410,486.83,567.04,0.023351606,0.049076958,0.058496826
07/04/2021,397.78,472.26,546.64,0.013995651,0.039014317,0.047005875
08/04/2021,397.66,473.83,546.13,0.013903776,0.040098624,0.046718601
09/04/2021,408.49,486.14,559.98,0.02219551,0.048600416,0.054520056
12/04/2021,391.82,466.73,538.95,0.009432518,0.035195072,0.042674237
13/04/2021,382,456.72,525.59,0.001914066,0.028281754,0.035148791
14/04/2021,380.5,456.02,524.25,0.000765626,0.027798305,0.034393993
15/04/2021,392.04,469.27,540.4,0.009600956,0.0369493,0.043490996
16/04/2021,380.5,455.93,526.32,0.000765626,0.027736147,0.035559987
19/04/2021,408.66,492.14,571.78,0.022325667,0.052744262,0.061166782
20/04/2021,381,458.44,531.04,0.00114844,0.029469657,0.038218677
21/04/2021,380.5,458.02,530.09,0.000765626,0.029179587,0.037683559
22/04/2021,394.79,474.32,546.34,0.011706428,0.040437038,0.04683689
23/04/2021,381.5,461.56,529.47,0.001531253,0.031624457,0.037334325
26/04/2021,392.82,474.51,545.82,0.010198144,0.04056826,0.046543984
27/04/2021,379.5,458.82,527.62,0,0.0297321,0.036292253
28/04/2021,399.13,484.32,557.01,0.015029247,0.047343449,0.052847108
29/04/2021,394.83,478.75,550.86,0.011737053,0.043496578,0.049382925
30/04/2021,380.5,457.34,525.72,0.000765626,0.028709951,0.035222018
03/05/2021,380.5,458.83,529.02,0.000765626,0.029739007,0.037080848
04/05/2021,394.58,474.08,547.97,0.011545647,0.040271284,0.04775504
05/05/2021,380.5,456.89,529.24,0.000765626,0.028399163,0.03720477
06/05/2021,394.89,476.45,548.7,0.011782991,0.041908103,0.048166236
07/05/2021,380.5,462.81,532.25,0.000765626,0.032487758,0.038900248
10/05/2021,380.5,461.95,537.67,0.000765626,0.031893807,0.041953236
11/05/2021,409.11,496.83,578.3,0.022670199,0.055983369,0.06483938
12/05/2021,403.97,487.89,568.06,0.018734879,0.049809038,0.059071373
13/05/2021,380,458.92,533.76,0.000382813,0.029801164,0.039750804
14/05/2021,413,501.56,582.38,0.025648486,0.059250102,0.06713757
17/05/2021,410.66,499.27,580.92,0.02385692,0.057668534,0.066315179
18/05/2021,409.99,501.11,581.67,0.02334395,0.058939313,0.06673764
19/05/2021,412.19,501.65,581.49,0.025028328,0.05931226,0.066636249
20/05/2021,410.91,502.34,582.84,0.024048326,0.059788802,0.06739668
21/05/2021,412.5,502.42,583.77,0.025265672,0.059844053,0.067920532
24/05/2021,411.53,502.66,582.53,0.024523015,0.060009807,0.067222063
25/05/2021,412.5,505.25,583.32,0.025265672,0.061798568,0.067667055
26/05/2021,411.86,502.14,581.36,0.024775671,0.059650674,0.066563023
27/05/2021,412.52,502.98,585.9,0.025280985,0.060230812,0.069120323
28/05/2021,412.5,502.94,585.32,0.025265672,0.060203187,0.068793619
31/05/2021,411.98,503.95,586.08,0.024867547,0.060900734,0.069221713
01/06/2021,411.78,503.09,582.91,0.024714421,0.060306783,0.06743611
02/06/2021,411.51,502.43,583.14,0.024507702,0.05985096,0.067565665
03/06/2021,412.5,500.4,581.96,0.025265672,0.058448958,0.066900992
04/06/2021,411.5,500.68,582.71,0.024500046,0.058642338,0.067323453
07/06/2021,412.54,502.92,584.81,0.025296297,0.060189374,0.068506345
08/06/2021,411.42,500.8,582.12,0.024438796,0.058725215,0.066991117
09/06/2021,412.81,502.75,582.53,0.025503017,0.060071965,0.067222063
10/06/2021,411.61,501.04,583.28,0.024584265,0.058890968,0.067644524
11/06/2021,412.59,499.6,582.12,0.025334579,0.057896445,0.066991117
14/06/2021,412.55,500.09,582.09,0.025303954,0.058234859,0.066974219
15/06/2021,411.74,499.25,579.76,0.024683796,0.057654721,0.065661772
16/06/2021,411.12,493.14,575.14,0.024209108,0.053434904,0.063059409
17/06/2021,410,488.43,571.46,0.023351606,0.050181984,0.060986532
18/06/2021,410,486.4,565.86,0.023351606,0.048779982,0.057832153
21/06/2021,411,489.58,572.29,0.024117233,0.050976221,0.061454056
22/06/2021,411.03,490.62,573.37,0.024140202,0.051694488,0.0620624
23/06/2021,411.33,490.74,574.51,0.024369889,0.051777365,0.062704542
24/06/2021,410.5,489.65,571.27,0.02373442,0.051024566,0.060879508
25/06/2021,411.25,490.93,571.02,0.024308639,0.051908587,0.060738688
28/06/2021,410.5,489.68,569.72,0.02373442,0.051045285,0.060006421
29/06/2021,410.46,488.47,568.15,0.023703794,0.05020961,0.059122069
30/06/2021,410.16,486.39,567.18,0.023474107,0.048773076,0.058575685
01/07/2021,411.01,486.88,565.51,0.024124889,0.04911149,0.057635005
02/07/2021,411.5,488.24,568.9,0.024500046,0.050050762,0.05954453
05/07/2021,411.46,488.22,570.09,0.024469421,0.050036949,0.060214836
06/07/2021,411.5,486.51,568.03,0.024500046,0.048855953,0.059054475
07/07/2021,411.59,485.4,567.99,0.024568952,0.048089341,0.059031944
08/07/2021,410.93,486.8,566.67,0.024063639,0.049056239,0.058288412
09/07/2021,410,486.99,570.2,0.023351606,0.049187461,0.060276797
12/07/2021,411.06,487.67,570.76,0.02416317,0.049657097,0.060592235
13/07/2021,411,483.96,567.39,0.024117233,0.047094818,0.058693975
14/07/2021,410.65,485.93,569.02,0.023849263,0.048455381,0.059612124
15/07/2021,411,485.46,568.35,0.024117233,0.04813078,0.059234725
16/07/2021,411.5,485.84,566.43,0.024500046,0.048393223,0.058153224
19/07/2021,410.73,484.33,561.38,0.023910514,0.047350355,0.05530865
20/07/2021,411.27,484.58,560.7,0.024323952,0.047523016,0.054925619
21/07/2021,411.22,484.97,563.88,0.024285671,0.047792366,0.056716855
22/07/2021,411.33,484.23,566.51,0.024369889,0.047281291,0.058198286
23/07/2021,411.5,484.4,566.02,0.024500046,0.0473987,0.057922278
26/07/2021,411.64,485.94,569.17,0.024607234,0.048462288,0.059696616
27/07/2021,411.5,486.44,571.24,0.024500046,0.048807608,0.06086261
28/07/2021,411.5,487.45,572.23,0.024500046,0.049505156,0.061420259
29/07/2021,411.57,489.42,574.71,0.02455364,0.050865719,0.062817198
30/07/2021,411.47,488.3,572.05,0.024477077,0.050092201,0.061318868
02/08/2021,411.64,488.79,571.84,0.024607234,0.050430615,0.061200579
03/08/2021,411.5,488.43,572.69,0.024500046,0.050181984,0.061679369
04/08/2021,411.28,486.87,571.25,0.024331608,0.049104584,0.060868243
05/08/2021,411.54,486.95,573.16,0.024530671,0.049159835,0.061944111
06/08/2021,411.48,484.02,570.93,0.024484733,0.047136257,0.060687993
09/08/2021,411.42,482.9,569.67,0.024438796,0.046362739,0.059978257
10/08/2021,411.59,482.46,569.46,0.024568952,0.046058856,0.059859968
11/08/2021,411.58,483.27,570.69,0.024561296,0.046618276,0.060552805
12/08/2021,411.5,482.93,568.32,0.024500046,0.046383458,0.059217827
13/08/2021,411.5,485.42,570.54,0.024500046,0.048103154,0.060468313
16/08/2021,411.75,484.94,569.86,0.024691453,0.047771646,0.060085281
17/08/2021,411.9,482.31,565.93,0.024806297,0.04595526,0.057871583
18/08/2021,411.96,482.11,566.16,0.024852234,0.045817132,0.058001138
19/08/2021,411.54,480.55,560.94,0.024530671,0.044739732,0.055060806
20/08/2021,411.7,481.71,560.94,0.024653171,0.045540876,0.055060806
23/08/2021,411.7,483.52,564.99,0.024653171,0.046790936,0.057342098
24/08/2021,411.59,483.74,564.89,0.024568952,0.046942877,0.05728577
25/08/2021,411.7,484.67,566.68,0.024653171,0.047585173,0.058294044
26/08/2021,411.49,483.65,563.76,0.02449239,0.046880719,0.056649261
27/08/2021,411.5,485.38,566.43,0.024500046,0.048075529,0.058153224
30/08/2021,411.81,485.79,566.6,0.02473739,0.048358691,0.058248982
31/08/2021,411.34,485.8,565.69,0.024377546,0.048365598,0.057736395
01/09/2021,411.5,487.28,566.69,0.024500046,0.049387747,0.058299677
02/09/2021,411.86,489.04,569.86,0.024775671,0.050603275,0.060085281
03/09/2021,411.52,488.85,570.3,0.024515358,0.050472053,0.060333125
06/09/2021,411.65,488.76,569.66,0.02461489,0.050409896,0.059972624
07/09/2021,411.67,487.61,567.26,0.024630202,0.049615658,0.058620748
08/09/2021,411.54,486.4,566.56,0.024530671,0.048779982,0.058226451
09/09/2021,411.4,486.41,569.31,0.024423483,0.048786889,0.059775476
10/09/2021,411.43,485.93,569.17,0.024446452,0.048455381,0.059696616
13/09/2021,411.78,486.38,569.83,0.024714421,0.04876617,0.060068382
14/09/2021,410.18,484.2,566.37,0.023489419,0.047260572,0.058119427
15/09/2021,411.47,486.33,569.84,0.024477077,0.048731638,0.060074015
16/09/2021,411.92,484.77,568.37,0.024821609,0.047654237,0.059245991
17/09/2021,411.73,482.78,565.74,0.02467614,0.046279862,0.057764559
20/09/2021,411.85,482.97,562.68,0.024768015,0.046411083,0.056040917
21/09/2021,411.48,482.37,562.01,0.024484733,0.045996699,0.055663518
22/09/2021,412.29,481.85,561.38,0.025104891,0.045637565,0.05530865
23/09/2021,411.57,483.16,564.72,0.02455364,0.046542305,0.057190012
24/09/2021,411.5,482.3,562.78,0.024500046,0.045948354,0.056097245
27/09/2021,412.55,482.51,565.23,0.025303954,0.046093388,0.057477286
28/09/2021,410.8,480.07,556.29,0.023964107,0.044408224,0.052441545
29/09/2021,411.59,477.51,552.68,0.024568952,0.042640183,0.050408098
30/09/2021,411.23,475.98,553.93,0.024293327,0.041583502,0.0511122
01/10/2021,410.77,476.24,556.41,0.023941139,0.041763069,0.052509139
04/10/2021,412.56,479.33,561.33,0.02531161,0.04389715,0.055280486
05/10/2021,411.36,477,560.54,0.024392858,0.042287956,0.054835494
06/10/2021,410.34,474.11,557.69,0.023611919,0.040292003,0.05323014
07/10/2021,410.91,474.99,559.66,0.024048326,0.040899767,0.054339805
08/10/2021,410.81,475.27,559.26,0.023971764,0.041093147,0.054114493
11/10/2021,410.77,474.58,558.25,0.023941139,0.040616604,0.053545578
12/10/2021,412.58,475.75,560.23,0.025326922,0.041424655,0.054660876
13/10/2021,410.92,476.54,561.65,0.024055983,0.041970261,0.055460736
14/10/2021,410.85,476.19,561.55,0.024002389,0.041728537,0.055404408
15/10/2021,410.87,476.6,564.74,0.024017701,0.042011699,0.057201278
18/10/2021,412.58,479.15,566.71,0.025326922,0.043772834,0.058310943
19/10/2021,410.97,478.02,566.89,0.024094264,0.04299241,0.058412334
20/10/2021,410.91,478.87,567.97,0.024048326,0.043579455,0.059020678
21/10/2021,410.93,477.7,566.73,0.024063639,0.042771405,0.058322209
22/10/2021,410.91,478.47,565.33,0.024048326,0.043303198,0.057533614
25/10/2021,412.33,478.69,567.52,0.025135516,0.043455139,0.058767201
26/10/2021,410.68,476.25,565.32,0.023872232,0.041769975,0.057527981
27/10/2021,410.67,476.31,563.92,0.023864576,0.041811414,0.056739386
28/10/2021,410.68,479.77,566.72,0.023872232,0.044201032,0.058316576
29/10/2021,410.31,474.36,561.86,0.02358895,0.040464663,0.055579026
01/11/2021,412.31,478.26,562.99,0.025120203,0.043158164,0.056215534
02/11/2021,410.8,475.71,559.4,0.023964107,0.041397029,0.054193352
03/11/2021,410.92,477.28,562.72,0.024055983,0.042481335,0.056063448
04/11/2021,410.8,474.7,554.91,0.023964107,0.040699481,0.051664216
05/11/2021,410.52,474.21,554.32,0.023749732,0.040361067,0.05133188
08/11/2021,412.31,477.78,559.25,0.025120203,0.042826656,0.05410886
09/11/2021,410.81,476.32,557.06,0.023971764,0.04181832,0.052875272
10/11/2021,410.59,471.6,550.69,0.023803326,0.038558494,0.049287167
11/11/2021,410.48,469.92,548.59,0.023719107,0.037398217,0.048104275
12/11/2021,410.58,469.86,550.79,0.02379567,0.037356778,0.049343495
15/11/2021,412.6,469,553.3,0.025342235,0.036762827,0.050757333
16/11/2021,410.9,465.13,551.58,0.02404067,0.034090046,0.049788488
17/11/2021,411.83,466.11,555.53,0.024752703,0.034766874,0.052013451
18/11/2021,410.93,467.14,554.71,0.024063639,0.035478234,0.05155156
19/11/2021,410.84,463.72,552.37,0.023994732,0.033116242,0.05023348
22/11/2021,412.63,463.86,552.8,0.025365204,0.033212932,0.050475692
23/11/2021,409.88,460.97,548.23,0.023259731,0.031216979,0.047901493
24/11/2021,410.6,460.01,547.33,0.023810982,0.030553963,0.04739454
25/11/2021,411.4,461.15,547.67,0.024423483,0.031341294,0.047586055
26/11/2021,409.89,464,546.73,0.023267387,0.033309621,0.04705657
29/11/2021,412.23,465.54,548.86,0.025058953,0.034373209,0.048256361
30/11/2021,409.89,464.41,544.95,0.023267387,0.033592784,0.046053929
01/12/2021,410.48,464.62,544.99,0.023719107,0.033737819,0.04607646
02/12/2021,410.66,464.3,546.17,0.02385692,0.033516814,0.046741133
03/12/2021,409.98,463.87,542.61,0.023336294,0.033219838,0.044735849
06/12/2021,412.2,465.12,546.7,0.025035984,0.034083139,0.047039672
07/12/2021,411.07,463.4,544.49,0.024170827,0.032895237,0.045794819
08/12/2021,410.74,465.96,542.56,0.02391817,0.034663278,0.044707685
09/12/2021,411.81,465.08,544.59,0.02473739,0.034055514,0.045851147
10/12/2021,409.97,464.02,544.1,0.023328637,0.033323434,0.045575139
13/12/2021,412.34,465.34,544.81,0.025143172,0.03423508,0.045975069
14/12/2021,412.34,464.2,545.53,0.025143172,0.03344775,0.046380632
15/12/2021,412.24,465.42,546.71,0.025066609,0.034290332,0.047045305
16/12/2021,410.44,465.19,546.82,0.023688482,0.034131484,0.047107266
17/12/2021,410.16,461.03,542.85,0.023474107,0.031258417,0.044871037
20/12/2021,412.31,464.96,544.59,0.025120203,0.033972637,0.045851147
21/12/2021,411.02,463.94,545.37,0.024132545,0.033268183,0.046290507
22/12/2021,411.07,465.64,548.77,0.024170827,0.034442273,0.048205665
23/12/2021,411.2,465.6,551.23,0.024270358,0.034414647,0.049591339
24/12/2021,410.94,465.29,550.15,0.024071295,0.034200548,0.048982995
27/12/2021,411.29,465.96,552.83,0.024339264,0.034663278,0.05049259
28/12/2021,411.1,465.08,552.23,0.024193795,0.034055514,0.050154621
29/12/2021,412.84,468.97,557.21,0.025525985,0.036742108,0.052959765
30/12/2021,411.17,465.54,554.98,0.024247389,0.034373209,0.051703646
31/12/2021,411.95,468.55,557.43,0.024844578,0.036452038,0.053083687
03/01/2022,411.79,465.4,555.19,0.024722078,0.034276519,0.051821935
03/01/2022,411.79,465.4,555.19,0.024722078,0.034276519,0.051821935
04/01/2022,412.74,465.7,558.43,0.025449423,0.034483711,0.053646969
04/01/2022,412.74,465.7,558.43,0.025449423,0.034483711,0.053646969
05/01/2022,411.81,465.82,558.18,0.02473739,0.034566588,0.053506148
05/01/2022,411.81,465.82,558.18,0.02473739,0.034566588,0.053506148
06/01/2022,412.13,465.5,557.72,0.024982391,0.034345583,0.053247039
06/01/2022,412.13,465.5,557.72,0.024982391,0.034345583,0.053247039
07/01/2022,413.21,469.49,561.49,0.025809267,0.037101241,0.055370611
07/01/2022,413.21,469.49,561.49,0.025809267,0.037101241,0.055370611
10/01/2022,413.71,468.75,561.83,0.02619208,0.036590167,0.055562127
10/01/2022,413.71,468.75,561.83,0.02619208,0.036590167,0.055562127
11/01/2022,412.27,468.58,562.04,0.025089578,0.036472758,0.055680416
11/01/2022,412.27,468.58,562.04,0.025089578,0.036472758,0.055680416
12/01/2022,413.94,473.56,567.37,0.026368174,0.03991215,0.058682709
12/01/2022,413.94,473.56,567.37,0.026368174,0.03991215,0.058682709
13/01/2022,412.34,472.39,565.46,0.025143172,0.0391041,0.05760684
13/01/2022,412.34,472.39,565.46,0.025143172,0.0391041,0.05760684
14/01/2022,414.29,472.92,566.62,0.026636144,0.03947014,0.058260248
14/01/2022,414.29,472.92,566.62,0.026636144,0.03947014,0.058260248
17/01/2022,415.14,473.69,566.55,0.027286926,0.040001934,0.058220818
17/01/2022,415.14,473.69,566.55,0.027286926,0.040001934,0.058220818
18/01/2022,415.29,470.46,564.83,0.02740177,0.037771163,0.057251973
18/01/2022,415.29,470.46,564.83,0.02740177,0.037771163,0.057251973
19/01/2022,414.67,470.34,564.31,0.026927082,0.037688286,0.056959066
19/01/2022,414.67,470.34,564.31,0.026927082,0.037688286,0.056959066
20/01/2022,412.93,467.15,561.45,0.025594892,0.035485141,0.05534808
20/01/2022,412.93,467.15,561.45,0.025594892,0.035485141,0.05534808
21/01/2022,414.95,470.75,562.53,0.027141457,0.037971449,0.055956425
21/01/2022,414.95,470.75,562.53,0.027141457,0.037971449,0.055956425
24/01/2022,415.85,470.89,560.9,0.027830521,0.038068139,0.055038275
24/01/2022,415.85,470.89,560.9,0.027830521,0.038068139,0.055038275
25/01/2022,414.72,468.77,560.25,0.026965363,0.036603979,0.054672142
25/01/2022,414.72,468.77,560.25,0.026965363,0.036603979,0.054672142
26/01/2022,415.13,466.63,559.08,0.02727927,0.035126007,0.054013102
26/01/2022,415.13,466.63,559.08,0.02727927,0.035126007,0.054013102
27/01/2022,415.49,463.09,556.24,0.027554895,0.032681138,0.052413381
27/01/2022,415.49,463.09,556.24,0.027554895,0.032681138,0.052413381
28/01/2022,415.66,463.44,557.19,0.027685052,0.032922862,0.052948499
28/01/2022,415.66,463.44,557.19,0.027685052,0.032922862,0.052948499
31/01/2022,415.83,466.95,559.08,0.027815208,0.035347013,0.054013102
31/01/2022,415.83,466.95,559.08,0.027815208,0.035347013,0.054013102
01/02/2022,415.54,468.45,562.01,0.027593177,0.036382974,0.055663518
01/02/2022,415.54,468.45,562.01,0.027593177,0.036382974,0.055663518
02/02/2022,415.79,469.84,564,0.027784583,0.037342965,0.056784449
02/02/2022,415.79,469.84,564,0.027784583,0.037342965,0.056784449
03/02/2022,415.77,475.46,565.37,0.027769271,0.041224369,0.057556145
03/02/2022,415.77,475.46,565.37,0.027769271,0.041224369,0.057556145
04/02/2022,416.2,476.51,563.44,0.02809849,0.041949542,0.056469011
04/02/2022,416.2,476.51,563.44,0.02809849,0.041949542,0.056469011
07/02/2022,415.95,475.92,563.07,0.027907084,0.041542063,0.056260597
07/02/2022,415.95,475.92,563.07,0.027907084,0.041542063,0.056260597
08/02/2022,416.07,475.18,563.66,0.027998959,0.041030989,0.056592933
08/02/2022,416.07,475.18,563.66,0.027998959,0.041030989,0.056592933
09/02/2022,416.62,475.84,563.79,0.028420053,0.041486812,0.05666616
09/02/2022,416.62,475.84,563.79,0.028420053,0.041486812,0.05666616
10/02/2022,416.95,475.79,564.93,0.02867271,0.04145228,0.057308301
10/02/2022,416.95,475.79,564.93,0.02867271,0.04145228,0.057308301
11/02/2022,417.01,473.35,565.9,0.028718648,0.039767116,0.057854685
11/02/2022,417.01,473.35,565.9,0.028718648,0.039767116,0.057854685
14/02/2022,415.74,470.03,562.53,0.027746302,0.037474187,0.055956425
14/02/2022,415.74,470.03,562.53,0.027746302,0.037474187,0.055956425
15/02/2022,415.89,472.25,563.14,0.027861146,0.039007411,0.056300026
15/02/2022,415.89,472.25,563.14,0.027861146,0.039007411,0.056300026
16/02/2022,416.02,473.13,565.02,0.027960677,0.039615175,0.057358996
16/02/2022,416.02,473.13,565.02,0.027960677,0.039615175,0.057358996
17/02/2022,415.81,472.51,566.15,0.027799896,0.039186977,0.057995505
17/02/2022,415.81,472.51,566.15,0.027799896,0.039186977,0.057995505
18/02/2022,415.87,470.85,565.34,0.027845833,0.038040513,0.057539247
18/02/2022,415.87,470.85,565.34,0.027845833,0.038040513,0.057539247
21/02/2022,415.98,470.44,565.53,0.027930052,0.03775735,0.05764627
21/02/2022,415.98,470.44,565.53,0.027930052,0.03775735,0.05764627
22/02/2022,415.91,471.18,565.16,0.027876459,0.038268425,0.057437856
22/02/2022,415.91,471.18,565.16,0.027876459,0.038268425,0.057437856
23/02/2022,415.96,470.26,563.41,0.02791474,0.037633035,0.056452113
23/02/2022,415.96,470.26,563.41,0.02791474,0.037633035,0.056452113
24/02/2022,416.14,465.68,556.45,0.028052553,0.034469898,0.052531671
24/02/2022,416.14,465.68,556.45,0.028052553,0.034469898,0.052531671
25/02/2022,415.56,468.5,557.16,0.027608489,0.036417506,0.052931601
25/02/2022,415.56,468.5,557.16,0.027608489,0.036417506,0.052931601
28/02/2022,415.97,466.48,558.32,0.027922396,0.035022411,0.053585008
28/02/2022,415.97,466.48,558.32,0.027922396,0.035022411,0.053585008
01/03/2022,415.96,463.06,554.68,0.02791474,0.032660419,0.051534662
01/03/2022,415.96,463.06,554.68,0.02791474,0.032660419,0.051534662
02/03/2022,415.9,462.15,557.14,0.027868802,0.032031935,0.052920335
02/03/2022,415.9,462.15,557.14,0.027868802,0.032031935,0.052920335
03/03/2022,416.79,461.22,556.44,0.02855021,0.031389639,0.052526038
03/03/2022,416.79,461.22,556.44,0.02855021,0.031389639,0.052526038
04/03/2022,418.24,457.15,553.23,0.029660368,0.02857873,0.050717903
04/03/2022,418.24,457.15,553.23,0.029660368,0.02857873,0.050717903
07/03/2022,415.29,451.27,544.59,0.02740177,0.02451776,0.045851147
07/03/2022,415.29,451.27,544.59,0.02740177,0.02451776,0.045851147
08/03/2022,415.52,452.83,544.28,0.027577864,0.02559516,0.04567653
08/03/2022,415.52,452.83,544.28,0.027577864,0.02559516,0.04567653
09/03/2022,415.99,460.65,548.48,0.027937709,0.030995974,0.048042314
09/03/2022,415.99,460.65,548.48,0.027937709,0.030995974,0.048042314
10/03/2022,415.84,457.98,544.86,0.027822865,0.029151962,0.046003233
10/03/2022,415.84,457.98,544.86,0.027822865,0.029151962,0.046003233
11/03/2022,415.84,453.85,542.19,0.027822865,0.026299614,0.044499271
11/03/2022,415.84,453.85,542.19,0.027822865,0.026299614,0.044499271
14/03/2022,415.54,454.72,540.64,0.027593177,0.026900472,0.043626184
14/03/2022,415.54,454.72,540.64,0.027593177,0.026900472,0.043626184
15/03/2022,415.82,456.05,542.4,0.027807552,0.027819024,0.04461756
15/03/2022,415.82,456.05,542.4,0.027807552,0.027819024,0.04461756
16/03/2022,416.09,458.6,546.74,0.028014271,0.029580159,0.047062203
16/03/2022,416.09,458.6,546.74,0.028014271,0.029580159,0.047062203
17/03/2022,416.26,462.01,547.73,0.028144428,0.031935245,0.047619852
17/03/2022,416.26,462.01,547.73,0.028144428,0.031935245,0.047619852
18/03/2022,415.92,460.22,548.27,0.027884115,0.030698998,0.047924025
18/03/2022,415.92,460.22,548.27,0.027884115,0.030698998,0.047924025
21/03/2022,415.84,458.13,547.63,0.027822865,0.029255558,0.047563524
21/03/2022,415.84,458.13,547.63,0.027822865,0.029255558,0.047563524
22/03/2022,415.44,458.21,551.12,0.027516614,0.029310809,0.049529378
22/03/2022,415.44,458.21,551.12,0.027516614,0.029310809,0.049529378
23/03/2022,415.83,457.68,549.11,0.027815208,0.028944769,0.048397181
23/03/2022,415.83,457.68,549.11,0.027815208,0.028944769,0.048397181
24/03/2022,416.09,458.06,549,0.028014271,0.029207213,0.04833522
24/03/2022,416.09,458.06,549,0.028014271,0.029207213,0.04833522
25/03/2022,415.75,456.64,548.37,0.027753958,0.028226503,0.047980353
25/03/2022,415.75,456.64,548.37,0.027753958,0.028226503,0.047980353
28/03/2022,415.65,456.86,544.51,0.027677396,0.028378444,0.045806085
28/03/2022,415.65,456.86,544.51,0.027677396,0.028378444,0.045806085
29/03/2022,415.76,461.14,544.4,0.027761615,0.031334388,0.045744124
29/03/2022,415.76,461.14,544.4,0.027761615,0.031334388,0.045744124
30/03/2022,415.89,464.19,546.37,0.027861146,0.033440843,0.046853789
30/03/2022,415.89,464.19,546.37,0.027861146,0.033440843,0.046853789
31/03/2022,415.67,460.31,546.4,0.027692708,0.030761156,0.046870687
31/03/2022,415.67,460.31,546.4,0.027692708,0.030761156,0.046870687
01/04/2022,415.72,459.31,545.17,0.027730989,0.030070514,0.046177851
01/04/2022,415.72,459.31,545.17,0.027730989,0.030070514,0.046177851
04/04/2022,415.67,456.2,545.05,0.027692708,0.027922621,0.046110257
04/04/2022,415.67,456.2,545.05,0.027692708,0.027922621,0.046110257
05/04/2022,415.84,453.52,543.79,0.027822865,0.026071702,0.045400522
05/04/2022,415.84,453.52,543.79,0.027822865,0.026071702,0.045400522
06/04/2022,416.15,453.51,543.88,0.028060209,0.026064796,0.045451217
06/04/2022,416.15,453.51,543.88,0.028060209,0.026064796,0.045451217
07/04/2022,415.83,451.77,543.45,0.027815208,0.02486308,0.045209006
07/04/2022,415.83,451.77,543.45,0.027815208,0.02486308,0.045209006
08/04/2022,415.65,452.08,541.82,0.027677396,0.025077179,0.044290856
08/04/2022,415.65,452.08,541.82,0.027677396,0.025077179,0.044290856
11/04/2022,416.08,452.57,541.88,0.028006615,0.025415593,0.044324653
11/04/2022,416.08,452.57,541.88,0.028006615,0.025415593,0.044324653
12/04/2022,415.47,449.79,540.19,0.027539583,0.023495611,0.043372707
12/04/2022,415.47,449.79,540.19,0.027539583,0.023495611,0.043372707
13/04/2022,415.31,452.48,544.84,0.027417083,0.025353436,0.045991968
13/04/2022,415.31,452.48,544.84,0.027417083,0.025353436,0.045991968
14/04/2022,414.84,448.92,542.03,0.027057238,0.022894753,0.044409145
14/04/2022,414.84,448.92,542.03,0.027057238,0.022894753,0.044409145
15/04/2022,414.52,448.17,541.36,0.026812238,0.022376772,0.044031747
15/04/2022,414.52,448.17,541.36,0.026812238,0.022376772,0.044031747
18/04/2022,416.76,449.27,542.12,0.028527241,0.023136478,0.044459841
18/04/2022,416.76,449.27,542.12,0.028527241,0.023136478,0.044459841
19/04/2022,415.51,448.51,540.74,0.027570208,0.02261159,0.043682512
19/04/2022,415.51,448.51,540.74,0.027570208,0.02261159,0.043682512
20/04/2022,415.89,451.25,543.5,0.027861146,0.024503947,0.04523717
20/04/2022,415.89,451.25,543.5,0.027861146,0.024503947,0.04523717
21/04/2022,417.3,452.15,543.52,0.028940679,0.025125524,0.045248435
21/04/2022,417.3,452.15,543.52,0.028940679,0.025125524,0.045248435
22/04/2022,415.58,448.27,533.58,0.027623802,0.022445836,0.039649413
22/04/2022,415.58,448.27,533.58,0.027623802,0.022445836,0.039649413
25/04/2022,415.14,444.74,528.76,0.027286926,0.020007873,0.036934395
25/04/2022,415.14,444.74,528.76,0.027286926,0.020007873,0.036934395
26/04/2022,416.04,442.8,523.45,0.02797599,0.01866803,0.033943368
26/04/2022,416.04,442.8,523.45,0.02797599,0.01866803,0.033943368
27/04/2022,415.67,438.71,521.25,0.027692708,0.015843307,0.032704147
27/04/2022,415.67,438.71,521.25,0.027692708,0.015843307,0.032704147
28/04/2022,415.23,436.14,517.58,0.027355833,0.01406836,0.030636903
28/04/2022,415.23,436.14,517.58,0.027355833,0.01406836,0.030636903
29/04/2022,415.26,437.84,521.83,0.027378801,0.01524245,0.033030851
29/04/2022,415.26,437.84,521.83,0.027378801,0.01524245,0.033030851
02/05/2022,415.19,436.35,518.95,0.027325207,0.014213394,0.031408599
02/05/2022,415.19,436.35,518.95,0.027325207,0.014213394,0.031408599
03/05/2022,413.08,434.78,516.29,0.025709736,0.013129088,0.029910269
03/05/2022,413.08,434.78,516.29,0.025709736,0.013129088,0.029910269
04/05/2022,415.46,441.26,524.17,0.027531927,0.017604442,0.034348931
04/05/2022,415.46,441.26,524.17,0.027531927,0.017604442,0.034348931
05/05/2022,415.41,437.83,513.55,0.027493645,0.015235543,0.028366877
05/05/2022,415.41,437.83,513.55,0.027493645,0.015235543,0.028366877
06/05/2022,415.19,437.95,512.43,0.027325207,0.01531842,0.027736001
06/05/2022,415.19,437.95,512.43,0.027325207,0.01531842,0.027736001
09/05/2022,415.79,439.21,512.87,0.027784583,0.016188628,0.027983845
09/05/2022,415.79,439.21,512.87,0.027784583,0.016188628,0.027983845
10/05/2022,415.11,437.08,510.84,0.027263957,0.014717562,0.026840383
10/05/2022,415.11,437.08,510.84,0.027263957,0.014717562,0.026840383
11/05/2022,415.18,436.43,507.92,0.027317551,0.014268646,0.0251956
11/05/2022,415.18,436.43,507.92,0.027317551,0.014268646,0.0251956
12/05/2022,415.51,431.26,507.1,0.027570208,0.010698031,0.024733708
12/05/2022,415.51,431.26,507.1,0.027570208,0.010698031,0.024733708
13/05/2022,415.26,432.36,509.18,0.027378801,0.011457736,0.025905335
13/05/2022,415.26,432.36,509.18,0.027378801,0.011457736,0.025905335
16/05/2022,415.77,433.85,512.26,0.027769271,0.012486791,0.027640243
16/05/2022,415.77,433.85,512.26,0.027769271,0.012486791,0.027640243
17/05/2022,414.86,437.69,518.19,0.027072551,0.015138853,0.030980505
17/05/2022,414.86,437.69,518.19,0.027072551,0.015138853,0.030980505
18/05/2022,415.4,434.62,512.65,0.027485989,0.013018585,0.027859923
18/05/2022,415.4,434.62,512.65,0.027485989,0.013018585,0.027859923
19/05/2022,415.2,439.49,517.98,0.027332864,0.016382007,0.030862216
19/05/2022,415.2,439.49,517.98,0.027332864,0.016382007,0.030862216
20/05/2022,415.12,438.47,518.54,0.027271614,0.015677553,0.031177653
20/05/2022,415.12,438.47,518.54,0.027271614,0.015677553,0.031177653
23/05/2022,415.5,444.16,522.99,0.027562552,0.019607301,0.033684258
23/05/2022,415.5,444.16,522.99,0.027562552,0.019607301,0.033684258
24/05/2022,415.22,445.68,520.39,0.027348176,0.020657076,0.032219725
24/05/2022,415.22,445.68,520.39,0.027348176,0.020657076,0.032219725
25/05/2022,415.1,443.35,522.17,0.027256301,0.019047882,0.033222367
25/05/2022,415.1,443.35,522.17,0.027256301,0.019047882,0.033222367
26/05/2022,415.21,445.56,523.25,0.02734052,0.020574199,0.033830711
26/05/2022,415.21,445.56,523.25,0.02734052,0.020574199,0.033830711
27/05/2022,415.22,445.62,524.39,0.027348176,0.020615637,0.034472853
27/05/2022,415.22,445.62,524.39,0.027348176,0.020615637,0.034472853
30/05/2022,414.98,447.28,525.09,0.027164426,0.021762102,0.03486715
30/05/2022,414.98,447.28,525.09,0.027164426,0.021762102,0.03486715
31/05/2022,415.2,445.65,523.17,0.027332864,0.020636357,0.033785649
31/05/2022,415.2,445.65,523.17,0.027332864,0.020636357,0.033785649
01/06/2022,415.02,442.11,518.18,0.027195051,0.018191487,0.030974872
01/06/2022,415.02,442.11,518.18,0.027195051,0.018191487,0.030974872
02/06/2022,415.09,446.15,522.03,0.027248645,0.020981677,0.033143507
02/06/2022,415.09,446.15,522.03,0.027248645,0.020981677,0.033143507
03/06/2022,415.12,445.01,518.51,0.027271614,0.020194346,0.031160755
03/06/2022,415.12,445.01,518.51,0.027271614,0.020194346,0.031160755
06/06/2022,415.07,443.91,520.17,0.027233332,0.019434641,0.032095803
06/06/2022,415.07,443.91,520.17,0.027233332,0.019434641,0.032095803
07/06/2022,415.08,444.37,522.64,0.027240989,0.019752336,0.033487109
07/06/2022,415.08,444.37,522.64,0.027240989,0.019752336,0.033487109
08/06/2022,414.97,444.74,520.23,0.02715677,0.020007873,0.0321296
08/06/2022,414.97,444.74,520.23,0.02715677,0.020007873,0.0321296
09/06/2022,415.13,440.81,518.78,0.02727927,0.017293654,0.031312841
09/06/2022,415.13,440.81,518.78,0.02727927,0.017293654,0.031312841
10/06/2022,415.13,436.69,511.22,0.02727927,0.014448212,0.02705443
10/06/2022,415.13,436.69,511.22,0.02727927,0.014448212,0.02705443
13/06/2022,415.15,432.12,503.77,0.027294582,0.011291982,0.02285798
13/06/2022,415.15,432.12,503.77,0.027294582,0.011291982,0.02285798
14/06/2022,419.67,437.09,503.51,0.030755214,0.014724469,0.022711526
14/06/2022,419.67,437.09,503.51,0.030755214,0.014724469,0.022711526
15/06/2022,417.88,436.59,508.63,0.029384743,0.014379148,0.02559553
15/06/2022,417.88,436.59,508.63,0.029384743,0.014379148,0.02559553
16/06/2022,418.11,441.3,516.55,0.029560837,0.017632068,0.030056722
16/06/2022,418.11,441.3,516.55,0.029560837,0.017632068,0.030056722
17/06/2022,415.37,436.1,507.81,0.02746302,0.014040734,0.025133639
17/06/2022,415.37,436.1,507.81,0.02746302,0.014040734,0.025133639
20/06/2022,419.75,441.28,514.13,0.030816464,0.017618255,0.02869358
20/06/2022,419.75,441.28,514.13,0.030816464,0.017618255,0.02869358
21/06/2022,417.95,440.35,513.25,0.029438336,0.016975959,0.028197892
21/06/2022,417.95,440.35,513.25,0.029438336,0.016975959,0.028197892
22/06/2022,415.02,438.47,508.99,0.027195051,0.015677553,0.025798311
22/06/2022,415.02,438.47,508.99,0.027195051,0.015677553,0.025798311
23/06/2022,415.13,436.87,508.9,0.02727927,0.014572528,0.025747616
23/06/2022,415.13,436.87,508.9,0.02727927,0.014572528,0.025747616
24/06/2022,414.99,438.06,508.96,0.027172082,0.015394391,0.025781413
24/06/2022,414.99,438.06,508.96,0.027172082,0.015394391,0.025781413
27/06/2022,417.92,442.35,512.72,0.029415368,0.018357241,0.027899353
27/06/2022,417.92,442.35,512.72,0.029415368,0.018357241,0.027899353
28/06/2022,415.1,436.76,505.88,0.027256301,0.014496557,0.024046505
28/06/2022,415.1,436.76,505.88,0.027256301,0.014496557,0.024046505
29/06/2022,414.93,433.23,502.98,0.027126145,0.012058594,0.022412987
29/06/2022,414.93,433.23,502.98,0.027126145,0.012058594,0.022412987
30/06/2022,415.06,435.02,505.37,0.027225676,0.013294842,0.023759231
30/06/2022,415.06,435.02,505.37,0.027225676,0.013294842,0.023759231
01/07/2022,415.26,433.08,502.25,0.027378801,0.011954998,0.022001791
01/07/2022,415.26,433.08,502.25,0.027378801,0.011954998,0.022001791
04/07/2022,417.92,435.55,505.79,0.029415368,0.013660881,0.023995809
04/07/2022,417.92,435.55,505.79,0.029415368,0.013660881,0.023995809
05/07/2022,417.96,429.08,499.67,0.029445993,0.009192433,0.020548524
05/07/2022,417.96,429.08,499.67,0.029445993,0.009192433,0.020548524
06/07/2022,418.03,425.69,498.22,0.029499587,0.00685116,0.019731765
06/07/2022,418.03,425.69,498.22,0.029499587,0.00685116,0.019731765
07/07/2022,417.92,424.73,502.44,0.029415368,0.006188144,0.022108815
07/07/2022,417.92,424.73,502.44,0.029415368,0.006188144,0.022108815
08/07/2022,418.19,426,503.06,0.029622087,0.007065259,0.02245805
08/07/2022,418.19,426,503.06,0.029622087,0.007065259,0.02245805
11/07/2022,418.44,420.04,497.58,0.029813493,0.002949038,0.019371265
11/07/2022,418.44,420.04,497.58,0.029813493,0.002949038,0.019371265
12/07/2022,417.82,419.33,496.67,0.029338805,0.002458682,0.018858678
12/07/2022,417.82,419.33,496.67,0.029338805,0.002458682,0.018858678
13/07/2022,415.33,417.7,493.97,0.027432395,0.001332937,0.017337817
13/07/2022,415.33,417.7,493.97,0.027432395,0.001332937,0.017337817
14/07/2022,421.59,422.42,498.58,0.032225217,0.004592763,0.019934547
14/07/2022,421.59,422.42,498.58,0.032225217,0.004592763,0.019934547
15/07/2022,415.4,418.75,492.94,0.027485989,0.002058111,0.016757637
15/07/2022,415.4,418.75,492.94,0.027485989,0.002058111,0.016757637
18/07/2022,421.59,427.77,503.9,0.032225217,0.008287693,0.022931206
18/07/2022,421.59,427.77,503.9,0.032225217,0.008287693,0.022931206
19/07/2022,421.65,431.26,505.97,0.032271154,0.010698031,0.0240972
19/07/2022,421.65,431.26,505.97,0.032271154,0.010698031,0.0240972
20/07/2022,421.35,428.94,504.75,0.032041466,0.009095744,0.023409996
20/07/2022,421.35,428.94,504.75,0.032041466,0.009095744,0.023409996
21/07/2022,421.51,431.12,505.6,0.032163967,0.010601341,0.023888786
21/07/2022,421.51,431.12,505.6,0.032163967,0.010601341,0.023888786
22/07/2022,414.72,423.51,497.97,0.026965363,0.005345562,0.019590945
22/07/2022,414.72,423.51,497.97,0.026965363,0.005345562,0.019590945
25/07/2022,421.48,430.8,507.76,0.032140998,0.010380336,0.025105475
25/07/2022,421.48,430.8,507.76,0.032140998,0.010380336,0.025105475
26/07/2022,421.53,426.53,507.15,0.032179279,0.007431298,0.024761873
26/07/2022,421.53,426.53,507.15,0.032179279,0.007431298,0.024761873
27/07/2022,421.41,429.9,512.36,0.032087404,0.009758759,0.027696571
27/07/2022,421.41,429.9,512.36,0.032087404,0.009758759,0.027696571
28/07/2022,421.7,429.96,513.47,0.032309436,0.009800198,0.028321814
28/07/2022,421.7,429.96,513.47,0.032309436,0.009800198,0.028321814
29/07/2022,415.87,425.28,506.35,0.027845833,0.006567997,0.024311247
29/07/2022,415.87,425.28,506.35,0.027845833,0.006567997,0.024311247
01/08/2022,422.01,433.01,517.18,0.03254678,0.011906653,0.03041159
01/08/2022,422.01,433.01,517.18,0.03254678,0.011906653,0.03041159
02/08/2022,421.81,428.75,513.04,0.032393654,0.008964522,0.028079603
02/08/2022,421.81,428.75,513.04,0.032393654,0.008964522,0.028079603
03/08/2022,415.51,422.59,504.66,0.027570208,0.004710172,0.023359301
03/08/2022,415.51,422.59,504.66,0.027570208,0.004710172,0.023359301
04/08/2022,416.21,426.48,506,0.028106146,0.007396766,0.024114098
04/08/2022,416.21,426.48,506,0.028106146,0.007396766,0.024114098
05/08/2022,417.57,425.39,504.11,0.029147398,0.006643968,0.023049496
05/08/2022,417.57,425.39,504.11,0.029147398,0.006643968,0.023049496
08/08/2022,416.01,424.08,502.51,0.027953021,0.005739228,0.022148245
08/08/2022,416.01,424.08,502.51,0.027953021,0.005739228,0.022148245
09/08/2022,415.85,424.72,502.12,0.027830521,0.006181238,0.021928565
09/08/2022,415.85,424.72,502.12,0.027830521,0.006181238,0.021928565
10/08/2022,418.1,430.62,510.79,0.02955318,0.010256021,0.026812219
10/08/2022,418.1,430.62,510.79,0.02955318,0.010256021,0.026812219
11/08/2022,418.87,432.37,510.99,0.030142713,0.011464643,0.026924875
11/08/2022,418.87,432.37,510.99,0.030142713,0.011464643,0.026924875
12/08/2022,419.22,430.23,508.8,0.030410682,0.009986671,0.025691288
12/08/2022,419.22,430.23,508.8,0.030410682,0.009986671,0.025691288
15/08/2022,423.34,430.27,510.46,0.033565063,0.010014296,0.026626336
16/08/2022,423.16,430.25,511.6,0.03342725,0.010000483,0.027268477
17/08/2022,423.83,431.34,510.75,0.03394022,0.010753282,0.026789687
18/08/2022,423.55,427.34,505.33,0.033725844,0.007990718,0.0237367
19/08/2022,420.33,421.84,497.19,0.031260527,0.004192192,0.019151585
22/08/2022,423.73,421.42,498.56,0.033863657,0.003902122,0.019923281
23/08/2022,423.95,422.7,501.68,0.034032095,0.004786143,0.021680721
24/08/2022,423.96,422.62,500.01,0.034039751,0.004730892,0.02074004
25/08/2022,423.93,422.94,501.8,0.034016783,0.004951897,0.021748314
26/08/2022,422.2,420.68,495.33,0.032692249,0.003391048,0.01810388
29/08/2022,426.25,426.21,498.96,0.035793036,0.007210293,0.020148594
30/08/2022,421.16,421.85,490.88,0.031895997,0.004199098,0.015597276
31/08/2022,420.51,422.63,488.54,0.03139834,0.004737798,0.014279196
01/09/2022,421.58,419.33,486.56,0.03221756,0.002458682,0.013163898
01/09/2022,421.58,419.33,486.56,0.03221756,0.002458682,0.013163898
02/09/2022,423.42,421.43,487.55,0.033626313,0.003909029,0.013721547
02/09/2022,423.42,421.43,487.55,0.033626313,0.003909029,0.013721547
05/09/2022,428.75,425.81,494,0.037707102,0.006934037,0.017354716
05/09/2022,428.75,425.81,494,0.037707102,0.006934037,0.017354716
06/09/2022,423.65,419.6,487.94,0.033802407,0.002645155,0.013941227
06/09/2022,423.65,419.6,487.94,0.033802407,0.002645155,0.013941227
07/09/2022,424.04,424.4,489.2,0.034101001,0.005960233,0.014650962
07/09/2022,424.04,424.4,489.2,0.034101001,0.005960233,0.014650962
08/09/2022,425.4,425.29,489.26,0.035142253,0.006574903,0.014684759
08/09/2022,425.4,425.29,489.26,0.035142253,0.006574903,0.014684759
09/09/2022,427.26,433.52,495.49,0.036566319,0.01225888,0.018194006
09/09/2022,427.26,433.52,495.49,0.036566319,0.01225888,0.018194006
12/09/2022,423.6,428.66,494.79,0.033764126,0.008902364,0.017799708
12/09/2022,423.6,428.66,494.79,0.033764126,0.008902364,0.017799708
13/09/2022,427.6,426.14,491.49,0.036826632,0.007161948,0.015940878
13/09/2022,427.6,426.14,491.49,0.036826632,0.007161948,0.015940878
14/09/2022,427.41,426.59,493.31,0.036681163,0.007472737,0.016966051
14/09/2022,427.41,426.59,493.31,0.036681163,0.007472737,0.016966051
15/09/2022,427.82,427.65,490.6,0.036995069,0.008204817,0.015439557
15/09/2022,427.82,427.65,490.6,0.036995069,0.008204817,0.015439557
16/09/2022,428.88,429.57,489.82,0.037806633,0.009530847,0.015000197
16/09/2022,428.88,429.57,489.82,0.037806633,0.009530847,0.015000197
19/09/2022,432.93,434.08,494.97,0.04090742,0.012645639,0.017901099
19/09/2022,432.93,434.08,494.97,0.04090742,0.012645639,0.017901099
20/09/2022,430.63,429.39,489.99,0.03914648,0.009406532,0.015095955
20/09/2022,430.63,429.39,489.99,0.03914648,0.009406532,0.015095955
21/09/2022,431.03,424.16,485.99,0.03945273,0.005794479,0.012842827
21/09/2022,431.03,424.16,485.99,0.03945273,0.005794479,0.012842827
22/09/2022,432.34,425.3,486.57,0.040455701,0.00658181,0.013169531
22/09/2022,432.34,425.3,486.57,0.040455701,0.00658181,0.013169531
23/09/2022,430.55,417.29,466.93,0.03908523,0.001049775,0.002106674
23/09/2022,430.55,417.29,466.93,0.03908523,0.001049775,0.002106674
26/09/2022,433.71,416.77,463.19,0.041504609,0.000690641,0
26/09/2022,433.71,416.77,463.19,0.041504609,0.000690641,0
27/09/2022,433.26,415.77,465.01,0.041160077,0,0.001025173
27/09/2022,433.26,415.77,465.01,0.041160077,0,0.001025173
28/09/2022,431.31,419.84,469.48,0.039667106,0.002810909,0.003543043
28/09/2022,431.31,419.84,469.48,0.039667106,0.002810909,0.003543043
29/09/2022,434.18,426.29,482.94,0.041864453,0.007265545,0.011124818
29/09/2022,434.18,426.29,482.94,0.041864453,0.007265545,0.011124818
30/09/2022,432.37,423.81,483.07,0.04047867,0.005552755,0.011198044
30/09/2022,432.37,423.81,483.07,0.04047867,0.005552755,0.011198044
03/10/2022,432.35,424.69,489.39,0.040463357,0.006160519,0.014757986
03/10/2022,432.35,424.69,489.39,0.040463357,0.006160519,0.014757986
04/10/2022,434.52,433.82,498.48,0.042124766,0.012466072,0.019878218
04/10/2022,434.52,433.82,498.48,0.042124766,0.012466072,0.019878218
05/10/2022,434.06,429.07,491.45,0.041772578,0.009185527,0.015918347
05/10/2022,434.06,429.07,491.45,0.041772578,0.009185527,0.015918347
06/10/2022,432.52,423.65,483.04,0.040593514,0.005442252,0.011181146
06/10/2022,432.52,423.65,483.04,0.040593514,0.005442252,0.011181146
07/10/2022,433.72,422.4,481,0.041512265,0.004578951,0.010032051
07/10/2022,433.72,422.4,481,0.041512265,0.004578951,0.010032051
10/10/2022,432.87,420.06,478.72,0.040861483,0.00296285,0.008747768
10/10/2022,432.87,420.06,478.72,0.040861483,0.00296285,0.008747768
11/10/2022,434.28,421.45,476.63,0.041941016,0.003922842,0.007570509
11/10/2022,434.28,421.45,476.63,0.041941016,0.003922842,0.007570509
12/10/2022,438.85,425.95,487.18,0.045439929,0.007030727,0.013513133
12/10/2022,438.85,425.95,487.18,0.045439929,0.007030727,0.013513133
13/10/2022,435.14,425.43,493.06,0.042599455,0.006671593,0.016825231
13/10/2022,435.14,425.43,493.06,0.042599455,0.006671593,0.016825231
14/10/2022,435.18,423.06,486.16,0.04263008,0.005034774,0.012938585
14/10/2022,435.18,423.06,486.16,0.04263008,0.005034774,0.012938585
17/10/2022,438.72,431.75,498.59,0.045340398,0.011036445,0.019940179
17/10/2022,438.72,431.75,498.59,0.045340398,0.011036445,0.019940179
18/10/2022,436.3,430.32,494.08,0.043487582,0.010048828,0.017399778
18/10/2022,436.3,430.32,494.08,0.043487582,0.010048828,0.017399778
19/10/2022,436.55,426.68,489.74,0.043678988,0.007534895,0.014955135
19/10/2022,436.55,426.68,489.74,0.043678988,0.007534895,0.014955135
20/10/2022,436.32,426.97,490.24,0.043502894,0.007735181,0.015236776
20/10/2022,436.32,426.97,490.24,0.043502894,0.007735181,0.015236776
21/10/2022,436.61,430.52,493.83,0.043724926,0.010186957,0.017258958
21/10/2022,436.61,430.52,493.83,0.043724926,0.010186957,0.017258958
24/10/2022,438.4,432.8,494.54,0.045095397,0.011761618,0.017658888
24/10/2022,438.4,432.8,494.54,0.045095397,0.011761618,0.017658888
25/10/2022,436.5,435.07,500.72,0.043640707,0.013329374,0.02113997
25/10/2022,436.5,435.07,500.72,0.043640707,0.013329374,0.02113997
26/10/2022,434.57,438.14,505.14,0.042163048,0.015449642,0.023629676
26/10/2022,434.57,438.14,505.14,0.042163048,0.015449642,0.023629676
27/10/2022,435.18,433.75,503.36,0.04263008,0.012417727,0.022627034
27/10/2022,435.18,433.75,503.36,0.04263008,0.012417727,0.022627034
28/10/2022,438,436.47,508.67,0.044789146,0.014296271,0.025618061
28/10/2022,438,436.47,508.67,0.044789146,0.014296271,0.025618061
31/10/2022,439.93,434.82,504.54,0.046266806,0.013156713,0.023291707
31/10/2022,439.93,434.82,504.54,0.046266806,0.013156713,0.023291707
01/11/2022,441,435.56,506.62,0.047086026,0.013667788,0.024463333
01/11/2022,441,435.56,506.62,0.047086026,0.013667788,0.024463333
02/11/2022,438.87,431,499.92,0.045455241,0.010518464,0.020689344
02/11/2022,438.87,431,499.92,0.045455241,0.010518464,0.020689344
03/11/2022,438.6,427.59,489.55,0.045248522,0.008163378,0.014848111
03/11/2022,438.6,427.59,489.55,0.045248522,0.008163378,0.014848111
04/11/2022,439.38,438.61,500.01,0.045845711,0.015774243,0.02074004
04/11/2022,439.38,438.61,500.01,0.045845711,0.015774243,0.02074004
07/11/2022,441.57,442.37,508.27,0.047522433,0.018371054,0.025392748
07/11/2022,441.57,442.37,508.27,0.047522433,0.018371054,0.025392748
08/11/2022,441.47,444.78,509.77,0.04744587,0.020035499,0.026237671
08/11/2022,441.47,444.78,509.77,0.04744587,0.020035499,0.026237671
09/11/2022,440.08,440.64,499.86,0.046381649,0.017176245,0.020655547
09/11/2022,440.08,440.64,499.86,0.046381649,0.017176245,0.020655547
10/11/2022,440.45,449.29,515.4,0.046664931,0.02315029,0.029408948
10/11/2022,440.45,449.29,515.4,0.046664931,0.02315029,0.029408948
11/11/2022,440.96,457.34,520.86,0.047055401,0.028709951,0.032484468
11/11/2022,440.96,457.34,520.86,0.047055401,0.028709951,0.032484468
14/11/2022,442.92,457.2,520.59,0.048556029,0.028613262,0.032332381
14/11/2022,442.92,457.2,520.59,0.048556029,0.028613262,0.032332381
15/11/2022,441.44,456.7,523.73,0.047422901,0.028267941,0.034101087
15/11/2022,441.44,456.7,523.73,0.047422901,0.028267941,0.034101087
16/11/2022,440.96,458.36,525.42,0.047055401,0.029414405,0.035053033
16/11/2022,440.96,458.36,525.42,0.047055401,0.029414405,0.035053033
17/11/2022,441.47,457.54,523.81,0.04744587,0.02884808,0.034146149
17/11/2022,441.47,457.54,523.81,0.04744587,0.02884808,0.034146149
18/11/2022,442.66,457.91,526.54,0.048356966,0.029103617,0.035683909
18/11/2022,442.66,457.91,526.54,0.048356966,0.029103617,0.035683909
21/11/2022,442.83,453.56,523.49,0.048487122,0.026099328,0.033965899
21/11/2022,442.83,453.56,523.49,0.048487122,0.026099328,0.033965899
22/11/2022,443.48,457,527.19,0.048984779,0.028475133,0.036050042
22/11/2022,443.48,457,527.19,0.048984779,0.028475133,0.036050042
23/11/2022,441.67,459.24,532.37,0.047598995,0.03002217,0.038967842
23/11/2022,441.67,459.24,532.37,0.047598995,0.03002217,0.038967842
24/11/2022,442.96,461.08,536.65,0.048586654,0.031292949,0.041378689
24/11/2022,442.96,461.08,536.65,0.048586654,0.031292949,0.041378689
25/11/2022,443.26,461.59,535.95,0.048816342,0.031645176,0.040984391
25/11/2022,443.26,461.59,535.95,0.048816342,0.031645176,0.040984391
28/11/2022,444.02,459.22,531.08,0.049398218,0.030008357,0.038241209
28/11/2022,444.02,459.22,531.08,0.049398218,0.030008357,0.038241209
29/11/2022,443.62,458.21,530.3,0.049091967,0.029310809,0.037801849
29/11/2022,443.62,458.21,530.3,0.049091967,0.029310809,0.037801849
30/11/2022,443.91,462.09,535.35,0.049313999,0.031990497,0.040646422
30/11/2022,443.91,462.09,535.35,0.049313999,0.031990497,0.040646422
01/12/2022,443.83,467.04,544.03,0.049252749,0.03540917,0.045535709
01/12/2022,443.83,467.04,544.03,0.049252749,0.03540917,0.045535709
02/12/2022,444.17,468.01,546.33,0.049513062,0.036079092,0.046831258
02/12/2022,444.17,468.01,546.33,0.049513062,0.036079092,0.046831258
05/12/2022,443.99,465.97,541.42,0.049375249,0.034670184,0.044065543
05/12/2022,443.99,465.97,541.42,0.049375249,0.034670184,0.044065543
06/12/2022,444.05,464.76,538.67,0.049421186,0.033834509,0.042516518
06/12/2022,444.05,464.76,538.67,0.049421186,0.033834509,0.042516518
07/12/2022,443.97,466.57,542.01,0.049359936,0.035084569,0.04439788
07/12/2022,443.97,466.57,542.01,0.049359936,0.035084569,0.04439788
08/12/2022,444.97,469.75,544.36,0.050125563,0.037280808,0.045721592
08/12/2022,444.97,469.75,544.36,0.050125563,0.037280808,0.045721592
09/12/2022,444.97,469.3,545.49,0.050125563,0.036970019,0.046358101
09/12/2022,444.97,469.3,545.49,0.050125563,0.036970019,0.046358101
12/12/2022,444.16,468,544.68,0.049505405,0.036072186,0.045901842
12/12/2022,444.16,468,544.68,0.049505405,0.036072186,0.045901842
13/12/2022,444.18,472.33,549.37,0.049520718,0.039062662,0.048543635
13/12/2022,444.18,472.33,549.37,0.049520718,0.039062662,0.048543635
14/12/2022,445.46,475.82,553.62,0.05050072,0.041472999,0.050937583
14/12/2022,445.46,475.82,553.62,0.05050072,0.041472999,0.050937583
15/12/2022,444.42,472.42,541.57,0.049704468,0.03912482,0.044150036
15/12/2022,444.42,472.42,541.57,0.049704468,0.03912482,0.044150036
16/12/2022,445.47,472.1,540.98,0.050508376,0.038903814,0.043817699
16/12/2022,445.47,472.1,540.98,0.050508376,0.038903814,0.043817699
19/12/2022,448.84,476.18,545.26,0.053088537,0.04172163,0.046228546
19/12/2022,448.84,476.18,545.26,0.053088537,0.04172163,0.046228546
20/12/2022,445.88,473.72,543.27,0.050822283,0.040022653,0.045107615
20/12/2022,445.88,473.72,543.27,0.050822283,0.040022653,0.045107615
21/12/2022,445.96,473,538.84,0.050883533,0.039525391,0.042612276
21/12/2022,445.96,473,538.84,0.050883533,0.039525391,0.042612276
22/12/2022,445.88,472.59,536.76,0.050822283,0.039242229,0.04144065
22/12/2022,445.88,472.59,536.76,0.050822283,0.039242229,0.04144065
23/12/2022,446.63,476.42,538.63,0.051396503,0.041887384,0.042493987
23/12/2022,446.63,476.42,538.63,0.051396503,0.041887384,0.042493987
26/12/2022,445.88,474.29,537.95,0.050822283,0.040416318,0.042110955
26/12/2022,445.88,474.29,537.95,0.050822283,0.040416318,0.042110955
27/12/2022,445.76,474.35,536.16,0.050730408,0.040457757,0.041102681
27/12/2022,445.76,474.35,536.16,0.050730408,0.040457757,0.041102681
28/12/2022,446.64,474.18,536.74,0.051404159,0.040340348,0.041429384
28/12/2022,446.64,474.18,536.74,0.051404159,0.040340348,0.041429384
29/12/2022,445.95,475.46,537.64,0.050875877,0.041224369,0.041936338
29/12/2022,445.95,475.46,537.64,0.050875877,0.041224369,0.041936338
30/12/2022,448.08,480.36,542.09,0.052506661,0.04460851,0.044442942
30/12/2022,448.08,480.36,542.09,0.052506661,0.04460851,0.044442942
02/01/2023,447.46,477.31,539.17,0.052031973,0.042502055,0.042798159
03/01/2023,448.55,473.15,536.86,0.052866505,0.039628988,0.041496978
04/01/2023,455.98,483.7,549.94,0.05855511,0.046915251,0.048864705
05/01/2023,448.45,471.84,534.19,0.052789943,0.038724248,0.039993015
06/01/2023,450.05,479.93,544.25,0.054014945,0.044311534,0.045659631
09/01/2023,456.4,489.85,555.99,0.058876673,0.051162694,0.052272561
10/01/2023,450.76,483.97,547.55,0.05455854,0.047101725,0.047518462
11/01/2023,451.38,485.61,548.32,0.055033228,0.048234376,0.047952189
12/01/2023,451.74,490.06,551.87,0.055308854,0.051307729,0.049951839
13/01/2023,452.59,490.9,553.56,0.055959636,0.051887868,0.050903786
16/01/2023,457.36,495,558.04,0.059611674,0.054719496,0.053427289
17/01/2023,457.96,494.23,562.63,0.06007105,0.054187702,0.056012753
18/01/2023,456.89,493.1,564.14,0.05925183,0.053407278,0.056863308
19/01/2023,460.5,498.75,570.5,0.062015741,0.0573094,0.060445781
20/01/2023,455.06,494.09,563.77,0.057850733,0.054091013,0.056654894
23/01/2023,458.66,498.58,567.81,0.060606989,0.057191991,0.058930553
24/01/2023,455.04,495.37,561.18,0.057835421,0.054975033,0.055195994
25/01/2023,457.01,498.79,566.74,0.059343705,0.057337026,0.058327841
26/01/2023,457.42,498.2,567.52,0.059657612,0.056929548,0.058767201
27/01/2023,460.28,500.3,569.76,0.061847303,0.058379894,0.060028953
30/01/2023,460.54,499.77,568.93,0.062046366,0.058013854,0.059561429
31/01/2023,459.9,499.53,566.48,0.061556365,0.0578481,0.058181388
01/02/2023,460.49,506,569.85,0.062008085,0.062316548,0.060079648
02/02/2023,460.19,502.01,562.56,0.061778397,0.05956089,0.055973323
03/02/2023,460.54,497.64,555.13,0.062046366,0.056542789,0.051788138
06/02/2023,460.23,493.65,553.25,0.061809022,0.053787131,0.050729168
07/02/2023,459.8,493.15,553.88,0.061479803,0.05344181,0.051084036
08/02/2023,460.04,492.96,555.3,0.061663553,0.053310588,0.051883896
09/02/2023,460.52,494.58,558.18,0.062031054,0.054429427,0.053506148
10/02/2023,459.49,491.13,554.33,0.061242459,0.052046715,0.051337513
13/02/2023,460.54,493.91,559.09,0.062046366,0.053966697,0.054018735
14/02/2023,460.74,494.68,560.98,0.062199492,0.054498491,0.055083338
15/02/2023,461.66,493.49,555.56,0.062903868,0.053676628,0.05203035
16/02/2023,460.51,491.14,551.49,0.062023398,0.052053621,0.049737792
17/02/2023,460.54,493.54,554.72,0.062046366,0.05371116,0.051557193
20/02/2023,460.72,492.43,554.8,0.062184179,0.052944548,0.051602255
21/02/2023,461.11,491.12,558.61,0.062482773,0.052039809,0.053748359
22/02/2023,460.13,488.04,554.38,0.061732459,0.049912634,0.051365677
23/02/2023,460.12,487.65,553.06,0.061724803,0.049643284,0.050622145
24/02/2023,459,484.18,548.28,0.060867302,0.047246759,0.047929657
27/02/2023,460.24,488.18,555.37,0.061816678,0.050009324,0.051923326
28/02/2023,460.13,486.76,553.76,0.061732459,0.049028613,0.051016442
01/03/2023,459.5,490.23,552.66,0.061250115,0.051425138,0.050396832
02/03/2023,460.11,487.74,549.93,0.061717147,0.049705442,0.048859073
03/03/2023,459,488.44,552.43,0.060867302,0.05018889,0.050267277
06/03/2023,460.43,491.85,553.56,0.061962147,0.052543977,0.050903786
07/03/2023,460.37,485.72,544.6,0.06191621,0.048310346,0.04585678
08/03/2023,460.43,485.63,545.53,0.061962147,0.048248189,0.046380632
09/03/2023,460.6,487.38,548.94,0.062092304,0.049456811,0.048301423
10/03/2023,458.17,488.25,551.32,0.060231832,0.050057669,0.049642034
13/03/2023,460.72,494.38,561.19,0.062184179,0.054291299,0.055201627
14/03/2023,460.43,494.26,559.85,0.061962147,0.054208422,0.054446829
15/03/2023,460.61,487.24,555.4,0.06209996,0.049360121,0.051940225
16/03/2023,460.4,488.69,557.5,0.061939179,0.050361551,0.053123117
17/03/2023,458.74,492.79,558.83,0.060668239,0.053193179,0.053872281
20/03/2023,460.48,493.75,565.43,0.062000429,0.053856195,0.057589942
21/03/2023,460.37,495.78,562.53,0.06191621,0.055258196,0.055956425
22/03/2023,460.44,500.16,564.87,0.061969804,0.058283204,0.057274504
23/03/2023,460.16,498.58,565.37,0.061755428,0.057191991,0.057556145
24/03/2023,460.48,495.5,563.03,0.062000429,0.055064817,0.056238065
27/03/2023,460.74,497.51,566.02,0.062199492,0.056453005,0.057922278
28/03/2023,459.89,498.7,567.5,0.061548709,0.057274868,0.058755936
29/03/2023,460.16,499.15,566.82,0.061755428,0.057585657,0.058372904
30/03/2023,460.41,502,570.29,0.061946835,0.059553984,0.060327492
31/03/2023,460.34,500.23,568.24,0.061893241,0.058331549,0.059172764
03/04/2023,461.25,502.97,572.87,0.062589961,0.060223906,0.061780759
04/04/2023,462.03,506.22,577.6,0.06318715,0.062468489,0.064445083
05/04/2023,461.94,503.88,575.68,0.063118243,0.060852389,0.063363582
06/04/2023,460.12,502.4,572.33,0.061724803,0.05983024,0.061476587
07/04/2023,465,506.84,577.58,0.06546106,0.062896687,0.064433817
10/04/2023,460.68,500.47,570.56,0.062153554,0.058497303,0.060479578
11/04/2023,462.01,504.3,574.2,0.063171837,0.061142459,0.062529924
12/04/2023,461.72,507.51,576.47,0.062949806,0.063359417,0.063808574
13/04/2023,462.03,510.43,578.68,0.06318715,0.065376089,0.065053427
14/04/2023,464.5,515.29,577.09,0.065078247,0.068732604,0.064157809
17/04/2023,460.42,503.13,569.76,0.061954491,0.060334408,0.060028953
18/04/2023,462.04,507.04,574.15,0.063194806,0.063034815,0.06250176
19/04/2023,460.59,504.61,572.91,0.062084648,0.061356557,0.061803291
20/04/2023,461.52,506.3,574.28,0.06279668,0.062523741,0.062574987
21/04/2023,460.53,511.05,572.67,0.06203871,0.065804286,0.061668103
24/04/2023,459.07,507.22,573.42,0.060920895,0.063159131,0.062090564
25/04/2023,460.45,505.53,571.72,0.06197746,0.061991947,0.061132985
26/04/2023,461.51,509.52,575.38,0.062789024,0.064747605,0.063194597
27/04/2023,460.81,508.22,575.86,0.062253085,0.063849772,0.063464972
28/04/2023,461.5,513.63,580.06,0.062781368,0.06758614,0.065830756
01/05/2023,460.34,505.21,575.09,0.061893241,0.061770942,0.063031245
02/05/2023,460.82,507.07,574.64,0.062260742,0.063055534,0.062777768
03/05/2023,460.56,510.08,579.03,0.062061679,0.065134364,0.065250576
04/05/2023,461.5,508.36,580.33,0.062781368,0.063946462,0.065982842
05/05/2023,461.5,513.4,583.29,0.062781368,0.067427293,0.067650157
08/05/2023,460.92,507.15,581.64,0.062337304,0.063110786,0.066720742
09/05/2023,461.24,505.82,582.27,0.062582305,0.062192233,0.067075609
10/05/2023,461.3,506.69,582.47,0.062628242,0.062793091,0.067188266
11/05/2023,462.1,504.43,578.19,0.063240744,0.061232242,0.064777419
12/05/2023,462.5,505.49,575.72,0.063546994,0.061964321,0.063386113
15/05/2023,462.06,502.56,578.96,0.063210119,0.059940743,0.065211146
16/05/2023,460.67,500.42,575.14,0.062145898,0.058462771,0.063059409
17/05/2023,460.67,499.39,575.31,0.062145898,0.057751411,0.063155167
18/05/2023,461.19,496.97,572.39,0.062544024,0.056080059,0.061510384
19/05/2023,462,499.81,575.03,0.063164181,0.05804148,0.062997448
22/05/2023,462.5,500.2,575.17,0.063546994,0.05831083,0.063076308
23/05/2023,460.77,496.33,572.25,0.06222246,0.055638049,0.061431525
24/05/2023,462.57,497.06,571.83,0.063600588,0.056142217,0.061194946
25/05/2023,460.96,494.38,567.95,0.062367929,0.054291299,0.059009412
26/05/2023,461.5,495.25,569.77,0.062781368,0.054892156,0.060034586
29/05/2023,460.72,493.38,569.23,0.062184179,0.053600657,0.059730413
30/05/2023,461.65,495.41,572.81,0.062896212,0.055002659,0.061746963
31/05/2023,461.05,492.83,573.56,0.062436836,0.053220805,0.062169424
01/06/2023,461.06,496.3,577.48,0.062444492,0.05561733,0.064377489
02/06/2023,462,494.96,575.24,0.063164181,0.05469187,0.063115738
05/06/2023,462.97,495.9,575.62,0.063906839,0.055341073,0.063329785
06/06/2023,463.87,496.14,576.32,0.064595902,0.055506827,0.063724082
07/06/2023,462,494.41,574.78,0.063164181,0.054312018,0.062856628
08/06/2023,462.39,498.6,580.75,0.063462775,0.057205804,0.066219421
09/06/2023,464,498.75,583.02,0.064695434,0.0573094,0.067498071
12/06/2023,462.8,497.99,578.99,0.063776682,0.056784513,0.065228045
13/06/2023,463.29,499.86,584.2,0.064151839,0.058076012,0.068162743
14/06/2023,465.5,504.33,589.46,0.065843873,0.061163178,0.071125606
15/06/2023,465.5,509.51,595.15,0.065843873,0.064740699,0.07433068
16/06/2023,656.5,719.29,841.9,0.212078523,0.209623393,0.213320491
19/06/2023,651.92,712.24,834.68,0.208571954,0.204754373,0.209253595
20/06/2023,690.31,753.74,881.12,0.237964352,0.23341598,0.235412407
21/06/2023,755.5,830.22,964.59,0.28787554,0.286236213,0.282429548
22/06/2023,774.96,848.93,987.63,0.30277463,0.299158108,0.295407563
23/06/2023,823,898.42,1046.36,0.339555324,0.333337938,0.328489109
26/06/2023,783.12,854.42,995.52,0.309022142,0.302949728,0.299851857
27/06/2023,764.74,838.24,975.04,0.294949928,0.291775155,0.288315843
28/06/2023,759.69,829.19,960.31,0.291083515,0.285524853,0.280018701
29/06/2023,754.38,819.74,951.57,0.287018038,0.278998294,0.275095617
30/06/2023,760.27,829.94,966.04,0.291527578,0.286042834,0.283246306
03/07/2023,763.11,832.86,968.56,0.293701957,0.288059506,0.284665777
04/07/2023,765.85,833.18,973.65,0.295799773,0.288280511,0.287532882
05/07/2023,774.52,840.88,984.08,0.302437755,0.293598447,0.293407912
06/07/2023,774.06,842.95,985.99,0.302085566,0.295028075,0.29448378
07/07/2023,769.5,844.06,987.92,0.29859431,0.295794686,0.295570914
10/07/2023,774.09,851.53,995.59,0.302108535,0.300953775,0.299891287
11/07/2023,790.31,870.1,1022.05,0.314526996,0.313778981,0.314795726
12/07/2023,776.5,864.65,1008.68,0.303953695,0.310014987,0.307264647
13/07/2023,777.5,872.84,1021.28,0.304719321,0.315671338,0.314361999
14/07/2023,777.04,873.67,1017.22,0.304367133,0.31624457,0.312075074
17/07/2023,777.5,873.83,1016.34,0.304719321,0.316355072,0.311579386
18/07/2023,778.62,874.45,1015.26,0.305576823,0.31678327,0.310971042
19/07/2023,791.51,886.57,1023.86,0.315445748,0.32515384,0.315815266
20/07/2023,781.78,870.53,1006.33,0.307996202,0.314075957,0.305940934
21/07/2023,776.5,864.46,998.27,0.303953695,0.309883765,0.301400882
24/07/2023,792.61,877,1016.34,0.316287937,0.318544405,0.311579386
25/07/2023,789.28,872.36,1017.66,0.313738401,0.31533983,0.312322918
26/07/2023,791.11,877.2,1023.75,0.315139497,0.318682533,0.315753305
27/07/2023,790.99,868.69,1012.31,0.315047622,0.312805177,0.30930936
28/07/2023,775.71,855.72,996.47,0.30334885,0.303847562,0.300386975
31/07/2023,760.4,836.56,976.29,0.291627109,0.290614878,0.289019946
01/08/2023,758.52,834.58,970.04,0.290187732,0.289247408,0.285499434
02/08/2023,776.36,849.64,987.21,0.303846507,0.299648464,0.295170984
03/08/2023,778,852.01,989.08,0.305102135,0.301285283,0.296224321
04/08/2023,767.45,846.18,978.35,0.297024776,0.297258845,0.290180307
07/08/2023,768.23,845.2,981.98,0.297621964,0.296582017,0.29222502
08/08/2023,750.97,822.72,957.14,0.284407252,0.281056405,0.278233097
09/08/2023,765.52,840.44,973.7,0.295547117,0.293294565,0.287561046
10/08/2023,769.24,844.97,975.09,0.298395247,0.29642317,0.288344008
11/08/2023,769.2,842.77,976.42,0.298364622,0.294903759,0.289093172
14/08/2023,768.55,838.29,974.87,0.297866965,0.291809687,0.288220086
15/08/2023,761.5,830.3,967.17,0.292469298,0.286291464,0.283882815
16/08/2023,760.61,827.71,968.33,0.291787891,0.284502704,0.284536222
17/08/2023,768.48,835.56,979.51,0.297813371,0.289924237,0.290833714
18/08/2023,769.5,837.95,979.88,0.29859431,0.291574869,0.291042128
21/08/2023,765.43,834.06,976.4,0.29547821,0.288888275,0.289081907
22/08/2023,761.09,825.51,968.89,0.292155392,0.282983293,0.28485166
23/08/2023,761.33,827.23,968.79,0.292339142,0.284171196,0.284795332
24/08/2023,755.81,817.1,952.27,0.288112884,0.277175002,0.275489914
25/08/2023,772.34,833.74,971.68,0.300768689,0.28866727,0.286423216
28/08/2023,772.65,836.31,974.01,0.301006033,0.290442218,0.287735663
29/08/2023,772.47,840.59,977.01,0.30086822,0.293398162,0.289425509
30/08/2023,773.2,844.76,983.48,0.301427128,0.296278135,0.293069943
31/08/2023,774.12,839.43,981.24,0.302131504,0.292597018,0.291808191
01/09/2023,775.5,836.58,976.13,0.303188068,0.290628691,0.288929821
04/09/2023,757.49,817.94,956.73,0.289399136,0.27775514,0.278002152
05/09/2023,758.2,813.36,952.93,0.289942731,0.274592004,0.27586168
06/09/2023,754.36,809.15,943.18,0.287002726,0.271684405,0.270369682
07/09/2023,754.17,806.79,940.78,0.286857257,0.270054492,0.269017805
08/09/2023,785.5,841.05,979.13,0.310844333,0.293715856,0.290619666
11/09/2023,752.83,809.33,941.92,0.285831317,0.27180872,0.269659947
12/09/2023,744.92,801.14,930.57,0.279775212,0.266152369,0.263266697
13/09/2023,745.68,800.38,931.41,0.280357088,0.265627482,0.263739854
14/09/2023,777.67,827.62,965.07,0.304849478,0.284440546,0.282699923
15/09/2023,784.74,837.36,972,0.310262457,0.291167391,0.286603466
18/09/2023,788.16,842.63,976.04,0.312880899,0.294807069,0.288879125
19/09/2023,775.54,828.4,961.16,0.303218694,0.284979246,0.280497491
20/09/2023,774.44,825.34,955.33,0.302376504,0.282865884,0.277213557
21/09/2023,770.01,821.09,946.63,0.298984779,0.27993066,0.272313004
22/09/2023,770.5,821.65,943.01,0.299359936,0.280317419,0.270273924
25/09/2023,780.24,826.68,952.89,0.306817138,0.283791344,0.275839149
26/09/2023,779.55,824.02,947.4,0.306288856,0.281954238,0.272746732
27/09/2023,781.5,820.93,948.2,0.307781827,0.279820157,0.273197357
28/09/2023,778.57,822.69,950.56,0.305538542,0.281035685,0.274526702
29/09/2023,770.5,815.21,940.16,0.299359936,0.27586969,0.268668571
02/10/2023,768.57,805.66,929.22,0.297882277,0.269274067,0.262506267
03/10/2023,766,801.79,925.13,0.295914617,0.266601286,0.260202444
04/10/2023,766.23,805.19,930.07,0.296090711,0.268949466,0.262985056
05/10/2023,759.36,801,925.67,0.290830858,0.266055679,0.260506616
06/10/2023,767,812.54,938.73,0.296680244,0.274025678,0.267863077
09/10/2023,766.71,810.5,938.51,0.296458212,0.27261677,0.267739155
10/10/2023,763.42,809.6,937.81,0.293939301,0.271995193,0.267344858
11/10/2023,766.61,814.28,943.78,0.296381649,0.275227394,0.270707651
12/10/2023,768.6,809.45,935.96,0.297905246,0.271891597,0.266302787
13/10/2023,770.01,809.47,933.56,0.298984779,0.27190541,0.26495091
16/10/2023,770.62,813.54,941.29,0.299451811,0.274716319,0.269305079
17/10/2023,765.5,809.63,932.51,0.295531804,0.272015912,0.264359464
18/10/2023,765.33,806.61,929.47,0.295401648,0.269930176,0.262647087
19/10/2023,772.53,817.6,938.14,0.300914158,0.277520322,0.267530741
20/10/2023,764,809.71,928.26,0.294383364,0.272071164,0.261965516
23/10/2023,874.71,933.5,1071.5,0.379145867,0.357565628,0.342650016
24/10/2023,883.62,935.86,1074.49,0.385967599,0.359195541,0.344334229
25/10/2023,800.9,846.35,969.54,0.32263498,0.297376254,0.285217793
26/10/2023,796.14,840.98,966.03,0.318990598,0.293667512,0.283240673
27/10/2023,795,840.34,964.18,0.318117784,0.293225501,0.282198602
30/10/2023,788.3,836.82,959.1,0.312988087,0.290794444,0.27933713
31/10/2023,786.68,832.07,956.07,0.311747772,0.287513899,0.277630386
01/11/2023,787.29,832.6,957.89,0.312214804,0.287879939,0.278655559
02/11/2023,786.09,835.01,959.29,0.311296052,0.289544384,0.279444153
03/11/2023,788.5,846.53,975.77,0.313141212,0.29750057,0.288727039
06/11/2023,803.42,861.46,991.89,0.324564359,0.307811842,0.297807144
07/11/2023,795.08,850.49,977.19,0.318179034,0.300235509,0.2895269
08/11/2023,795.11,851.49,976.63,0.318202003,0.30092615,0.289211462
09/11/2023,803.2,856.6,981.21,0.324395921,0.304455326,0.291791293
10/11/2023,805,861.15,983.95,0.325774048,0.307597743,0.293334685
13/11/2023,803.67,859.92,986.99,0.324755765,0.306748254,0.295047062
14/11/2023,802.67,873.46,1003.14,0.323990139,0.316099535,0.304144065
15/11/2023,791.76,858.92,983.08,0.315637154,0.306057613,0.29284463
16/11/2023,791.76,859.52,983.08,0.315637154,0.306471998,0.29284463
17/11/2023,791.76,864.38,986.53,0.315637154,0.309828514,0.294787953
20/11/2023,820.18,897.72,1026,0.337396258,0.332854489,0.317020689
21/11/2023,818.67,893.71,1026.71,0.336240162,0.330085018,0.317420619
22/11/2023,816.11,888.49,1019.54,0.334280158,0.326479871,0.313381888
23/11/2023,804.94,877.75,1008.85,0.325728111,0.319062386,0.307360405
24/11/2023,812.5,889.39,1023.83,0.331516247,0.327101448,0.315798368
27/11/2023,800.57,877.22,1011.35,0.322382323,0.318696346,0.308768609
28/11/2023,799.5,879.79,1016.15,0.321563103,0.320471294,0.311472363
29/11/2023,792.41,869.52,1005.99,0.316134812,0.313378409,0.305749418
30/11/2023,789.92,860.58,997.79,0.314228402,0.307204078,0.301130507
01/12/2023,789,859.42,1001.95,0.313524025,0.306402934,0.30347376
04/12/2023,797.47,864.19,1007.38,0.320008881,0.309697292,0.30653238
05/12/2023,798,861.23,1004.81,0.320414663,0.307652994,0.305084746
06/12/2023,803.5,865.07,1009.1,0.324625609,0.310305056,0.307501225
07/12/2023,801,864.35,1008.29,0.322711543,0.309807795,0.307044967
08/12/2023,803.5,865.65,1008.23,0.324625609,0.310705628,0.30701117
11/12/2023,791.88,852.43,994.05,0.315729029,0.301575352,0.299023832
12/12/2023,789.54,852.6,992.47,0.313937464,0.301692761,0.298133847
13/12/2023,796.04,866.37,1004.96,0.318914035,0.31120289,0.305169238
14/12/2023,792.2,871.16,1011.77,0.31597403,0.314511061,0.309005188
15/12/2023,802.99,875.94,1018.91,0.324235139,0.317812325,0.313027021
18/12/2023,789.91,862.75,998.99,0.314220745,0.308702769,0.301806445
19/12/2023,794.59,872.52,1011.57,0.317803877,0.315450333,0.308892531
20/12/2023,824.98,902.85,1042.45,0.341071265,0.336397478,0.326286677
21/12/2023,824.85,908.1,1046.78,0.340971733,0.340023344,0.328725687
22/12/2023,823.68,908.21,1046,0.34007595,0.340099314,0.328286327
25/12/2023,764.5,842.65,971.69,0.294766178,0.294820882,0.286428849
26/12/2023,764.5,844.31,973.18,0.294766178,0.295967346,0.287268139
27/12/2023,764.5,849.39,978.65,0.294766178,0.299475803,0.290349291
28/12/2023,897.5,993.22,1142.79,0.396594494,0.398810716,0.382806383
29/12/2023,896.64,991.28,1142.23,0.395936055,0.397470872,0.382490945
01/01/2024,899.1,992.39,1144.56,0.397819496,0.398237484,0.383803392
02/01/2024,884.65,968.08,1116.69,0.386756194,0.381447998,0.368104725
03/01/2024,886.72,968.72,1123.47,0.388341041,0.381890008,0.371923777
04/01/2024,891.84,976.05,1130.98,0.392261048,0.386952408,0.376154024
05/01/2024,914.5,1001.81,1163.7,0.409610143,0.404743323,0.394584608
08/01/2024,884.35,968.58,1127.38,0.386526506,0.381793319,0.374126209
09/01/2024,896.75,980.35,1139.72,0.396020274,0.389922165,0.381077108
10/01/2024,932.96,1023.72,1188.89,0.423743607,0.41987527,0.408773679
11/01/2024,954.2,1047.31,1218.6,0.440005513,0.436167494,0.425508784
12/01/2024,957.51,1049.81,1220.73,0.442539736,0.437894097,0.426708575
15/01/2024,958.05,1048.87,1218.6,0.442953174,0.437244894,0.425508784
16/01/2024,912.01,992.02,1152.46,0.407703733,0.397981947,0.388253319
17/01/2024,873.48,950.69,1107.52,0.378204147,0.369437749,0.36293943
18/01/2024,871.44,947.9,1107.38,0.376642269,0.36751086,0.362860571
19/01/2024,891.04,971.64,1131.98,0.391648547,0.383906681,0.376717306
22/01/2024,901.12,980.41,1144.82,0.399366061,0.389963603,0.383949845
23/01/2024,909.33,987.41,1154.1,0.405651854,0.394798091,0.389177101
24/01/2024,900.68,980.36,1145.78,0.399029186,0.389929071,0.384490596
25/01/2024,900.93,977.12,1144.89,0.399220592,0.387691394,0.383989275
26/01/2024,899.2,976.85,1142.79,0.397896059,0.387504921,0.382806383
29/01/2024,902.03,977.48,1146.65,0.400062781,0.387940025,0.384980651
30/01/2024,950.38,1030.56,1206.56,0.43708082,0.424599255,0.41872687
31/01/2024,951.41,1028.46,1206.48,0.437869415,0.423148909,0.418681808
01/02/2024,951.41,1034.61,1212.57,0.437869415,0.427396352,0.422112194
02/02/2024,951.41,1027.39,1201.92,0.437869415,0.422409923,0.416113242
05/02/2024,905,972.23,1134.49,0.402336692,0.384314159,0.378131143
06/02/2024,905,973.43,1140.88,0.402336692,0.385142928,0.381730515
07/02/2024,1407.64,1519.34,1780.68,0.787171163,0.762170823,0.742118278
08/02/2024,1398.66,1526.63,1787.51,0.780295838,0.767205597,0.745965493
09/02/2024,1428.39,1532.99,1795.17,0.803057912,0.771598074,0.750280233
12/02/2024,1456.96,1595.54,1870.33,0.824931859,0.814797677,0.792616501
13/02/2024,1493.13,1614.16,1897.81,0.852624567,0.827657414,0.808095488
14/02/2024,1514.08,1622.21,1899.77,0.868664441,0.833217075,0.80919952
15/02/2024,1522.92,1625.74,1901.55,0.875432579,0.835655039,0.810202162
16/02/2024,1506.52,1623.78,1898.71,0.862876305,0.834301382,0.808602441
19/02/2024,1518.69,1609.82,1880.61,0.872193979,0.824660032,0.798407039
20/02/2024,1508.37,1641.46,1916.83,0.864292714,0.846511917,0.818809109
21/02/2024,1597.77,1740.06,2032.14,0.932739718,0.914609132,0.883761146
22/02/2024,1576.24,1745.44,2041.84,0.91625578,0.918324781,0.88922498
23/02/2024,1561.21,1694.32,1983.14,0.904748415,0.883019207,0.856160333
26/02/2024,1541.61,1696.66,1983.16,0.889742137,0.884635307,0.856171598
27/02/2024,1544.71,1667.83,1950.82,0.892115579,0.864724123,0.837955061
28/02/2024,1569.9,1688.98,1972.45,0.911401709,0.879331183,0.850138849
29/02/2024,1583.94,1760.76,2057.34,0.922151104,0.928905403,0.89795585
01/03/2024,1556.94,1755.28,2048.48,0.90147919,0.92512069,0.892965172
04/03/2024,1542.79,1681.37,1965.39,0.890645576,0.874075404,0.846162079
05/03/2024,1549.84,1681.71,1968.01,0.896043243,0.874310222,0.847637877
06/03/2024,1557.65,1690.85,1975.19,0.902022785,0.880622682,0.851682241
07/03/2024,1580.75,1739.79,2035.58,0.919708756,0.914422659,0.885698836
08/03/2024,1587.75,1747.03,2052.67,0.925068141,0.9194229,0.895325323
11/03/2024,1590.03,1749.99,2051.91,0.926813769,0.921467198,0.894897229
12/03/2024,1599.61,1766.82,2068.44,0.93414847,0.933090688,0.904208279
13/03/2024,1591.47,1758.91,2055.92,0.927916271,0.927627717,0.89715599
14/03/2024,1587.27,1745.28,2044.68,0.92470064,0.918214278,0.890824701
15/03/2024,1591.23,1742.99,2037.59,0.927732521,0.91663271,0.886831032
18/03/2024,1580.6,1753.08,2052.13,0.919593912,0.923601279,0.895021151
19/03/2024,1556.16,1707.36,1998.9,0.900882002,0.892025167,0.865037655
20/03/2024,1489.17,1649.96,1930.69,0.849592687,0.852382367,0.826616197
21/03/2024,1482.07,1707.32,1989.44,0.844156739,0.891997541,0.859709009
22/03/2024,1424.14,1670.22,1938.12,0.799804,0.866374756,0.830801381
25/03/2024,1415.7,1555.54,1813.98,0.793342113,0.787172032,0.760875565
26/03/2024,1411.93,1552.48,1809.84,0.790455701,0.78505867,0.758543578
27/03/2024,1371.03,1517.67,1770.7,0.75914158,0.761017453,0.736496725
28/03/2024,1359.65,1526.05,1785.45,0.750428751,0.766805025,0.744805133
29/03/2024,1329.29,1521.03,1778.18,0.727184332,0.763338007,0.740710073
01/04/2024,1302.67,1478.82,1727.92,0.706803357,0.734186045,0.712399525
02/04/2024,1306.5,1407.72,1643.89,0.709735706,0.685081461,0.665066946
03/04/2024,1292.52,1404.81,1640.01,0.699032248,0.683071695,0.662881412
04/04/2024,1267.4,1446.32,1687.28,0.679799712,0.711740208,0.689507748
05/04/2024,1260.21,1365.26,1591.25,0.674294858,0.655756839,0.635415787
08/04/2024,1251.6,1386.46,1615.58,0.667702814,0.670398431,0.649120435
09/04/2024,1238.07,1351.49,1577.76,0.657343889,0.646246711,0.627817114
10/04/2024,1242.38,1353.68,1579.9,0.660643739,0.647759215,0.629022537
11/04/2024,1242.59,1331.21,1557.94,0.66080452,0.632240509,0.616652866
12/04/2024,1240.82,1330.43,1554.8,0.659449361,0.631701809,0.614884161
15/04/2024,1143.55,1226.31,1436.57,0.584976878,0.559792255,0.548287341
16/04/2024,1150.56,1222.71,1431.16,0.590343919,0.557305947,0.545239986
17/04/2024,1139.52,1210.81,1413.09,0.581891404,0.549087318,0.535061482
18/04/2024,1141.67,1224.88,1431.24,0.5835375,0.558804638,0.545285049
19/04/2024,1145.65,1224,1419.89,0.586584694,0.558196874,0.538891799
22/04/2024,1145.51,1261.57,1462.5,0.586477506,0.584144261,0.562893241
23/04/2024,1157.81,1294.49,1505.86,0.595894711,0.606880167,0.587317145
24/04/2024,1232.64,1321.62,1539.56,0.653186537,0.625617261,0.606299745
25/04/2024,1241.23,1329.17,1549.77,0.659763268,0.630831601,0.612050853
26/04/2024,1232.96,1328.56,1551.37,0.653431538,0.63041031,0.612952104
29/04/2024,1244.03,1440.95,1688.61,0.661907022,0.708031466,0.690256913
30/04/2024,1351.11,1449.61,1697.42,0.743890301,0.714012418,0.695219426
01/05/2024,1358.3,1472.45,1722.14,0.749395155,0.729786661,0.709143755
02/05/2024,1353.52,1492.66,1744.68,0.745735461,0.743744518,0.721840129
03/05/2024,1372.7,1465.83,1708.28,0.760420176,0.725214617,0.701336668
06/05/2024,1378.51,1485.28,1732.39,0.764868465,0.738647587,0.714917395
07/05/2024,1377.08,1486.81,1729.16,0.76377362,0.739704267,0.713097994
08/05/2024,1384.34,1493.24,1736.01,0.769332067,0.74414509,0.716956475
09/05/2024,1399.39,1513.64,1758.46,0.780854745,0.758234169,0.729602154
10/05/2024,1423.41,1534.47,1782.92,0.799245092,0.772620223,0.743380029
13/05/2024,1437.38,1575.58,1833.89,0.809940894,0.80101248,0.772090508
14/05/2024,1413.53,1587.25,1847.24,0.791680703,0.809072262,0.779610322
15/05/2024,1500.35,1642.53,1914.07,0.85815239,0.847250903,0.817254451
16/05/2024,1502.92,1644.28,1917.17,0.86012005,0.848459525,0.819000625
17/05/2024,1504.92,1653.84,1930.86,0.861651303,0.855062054,0.826711955
20/05/2024,1497.59,1599.55,1872.08,0.856039261,0.817567148,0.793602244
21/05/2024,1497.51,1663.82,1948.11,0.855978011,0.861954653,0.836428567
22/05/2024,1435,1553.74,1825.32,0.808118703,0.785928878,0.767263182
23/05/2024,1439.37,1567.85,1840.84,0.81146449,0.795673824,0.776005317
24/05/2024,1444.72,1592.67,1869.79,0.815560592,0.812815537,0.792312329
27/05/2024,1466.7,1600.83,1882.66,0.832389061,0.818451168,0.799561767
28/05/2024,1399.57,1589.73,1868.59,0.780992558,0.810785052,0.79163639
29/05/2024,1378.7,1503.34,1767.51,0.765013934,0.751120565,0.734699855
30/05/2024,1360.25,1437.69,1689.71,0.750888127,0.705779976,0.690876523
31/05/2024,1439.1,1553.64,1822.59,0.811257771,0.785859814,0.765725423
03/06/2024,1472.89,1611.57,1892.55,0.837128288,0.825868654,0.805132625
04/06/2024,1473.1,1616.52,1897.65,0.83728907,0.829287327,0.808005362
05/06/2024,1486.79,1630.49,1918.15,0.847770496,0.838935584,0.819552642
06/06/2024,1481.47,1631.71,1916.6,0.843697363,0.839778166,0.818679555
07/06/2024,1488.5,1614.08,1901.08,0.849079717,0.827602163,0.809937419
10/06/2024,1460.92,1606.12,1899.55,0.82796374,0.82210466,0.809075598
11/06/2024,1493.09,1622.44,1924.33,0.852593942,0.833375923,0.823033724
12/06/2024,1505.25,1635.19,1935.18,0.86190396,0.842181597,0.829145332
13/06/2024,1511.21,1644.28,1953.85,0.866467093,0.848459525,0.839661806
14/06/2024,1507.16,1637.77,1935.52,0.863366306,0.843963451,0.829336848
17/06/2024,1487.91,1613.1,1909.36,0.848627997,0.826925335,0.814601394
18/06/2024,1489.44,1610.54,1905.88,0.849799406,0.825157294,0.812641173
19/06/2024,1498.67,1610.03,1906.02,0.856866138,0.824805067,0.812720032
20/06/2024,1498.57,1607.46,1901.11,0.856789575,0.823030119,0.809954318
21/06/2024,1485.19,1602.39,1895.98,0.846545494,0.819528568,0.807064682
24/06/2024,1490.52,1624.27,1919.58,0.850626282,0.834639796,0.820358135
25/06/2024,1493.23,1628.81,1928.69,0.85270113,0.837775307,0.825489633
26/06/2024,1508.72,1631.46,1928.07,0.864560684,0.839605506,0.825140398
27/06/2024,1520.15,1632.31,1927.45,0.873311794,0.840192551,0.824791163
28/06/2024,1505.35,1631.15,1924.63,0.861980522,0.839391407,0.823202708
01/07/2024,1512.54,1641,1932.64,0.867485377,0.846194222,0.827714596
02/07/2024,1512.05,1634.28,1929.46,0.86711022,0.841553114,0.82592336
03/07/2024,1519,1645.85,1944.3,0.872431323,0.849543832,0.834282463
04/07/2024,1517.72,1651.61,1949.02,0.871451321,0.853521924,0.836941154
05/07/2024,1519.09,1647.2,1945.08,0.87250023,0.850476197,0.834721823
08/07/2024,1517.34,1665.52,1970.6,0.871160383,0.863128742,0.849096777
09/07/2024,1525.69,1663.03,1966.49,0.877553364,0.861409046,0.846781689
10/07/2024,1536.55,1664.6,1974.68,0.885868067,0.862493353,0.851394968
11/07/2024,1536.08,1724.05,2048.68,0.885508223,0.903551967,0.893077829
12/07/2024,1582.83,1733.97,2061.75,0.921301259,0.910403127,0.900439923
15/07/2024,1576.75,1738.87,2069.43,0.91664625,0.913787269,0.904765928
16/07/2024,1584.24,1745.15,2077.07,0.922380792,0.918124495,0.909069402
17/07/2024,1586.26,1754.7,2086.66,0.923927357,0.924720118,0.914471275
18/07/2024,1585.42,1768.3,2100.05,0.923284231,0.934112837,0.92201362
19/07/2024,1589.29,1759.15,2085.51,0.926247205,0.927793471,0.913823501
22/07/2024,1613.1,1772.31,2104.44,0.944476771,0.936882308,0.924486428
23/07/2024,1598.2,1766.39,2101.02,0.933068937,0.932793712,0.922560004
24/07/2024,1595.11,1749.23,2082.22,0.930703151,0.920942311,0.911970304
25/07/2024,1601.3,1752.27,2076.52,0.935442379,0.92304186,0.908759597
26/07/2024,1601.29,1757.42,2079.97,0.935434723,0.926598662,0.910702919
29/07/2024,1611.14,1756.56,2087.88,0.942976143,0.92600471,0.915158479
30/07/2024,1613.9,1762.82,2092.12,0.945089272,0.930328124,0.917546795
31/07/2024,1632.13,1788.82,2124.61,0.959046642,0.948284793,0.935847824
01/08/2024,1649.57,1796.26,2119.72,0.972399167,0.953423163,0.933093375
02/08/2024,1646.15,1797.41,2107.43,0.969780725,0.9542174,0.926170641
05/08/2024,1607.37,1745.41,2035.47,0.940089731,0.918304062,0.885636875
06/08/2024,1595.27,1732.07,2011.83,0.930825652,0.909090909,0.87232089
07/08/2024,1586.28,1725.1,2003.61,0.92394267,0.90427714,0.867690713
08/08/2024,1587.85,1723.46,2012.12,0.925144703,0.903144489,0.872484242
09/08/2024,1583.3,1741.08,2028.97,0.921661103,0.915313586,0.881975542
12/08/2024,1569.81,1737.84,2029.66,0.911332802,0.913075908,0.882364207
13/08/2024,1572.56,1738.42,2034.16,0.913438275,0.91347648,0.884898975
14/08/2024,1581.3,1748.53,2036.6,0.92012985,0.920458862,0.886273383
15/08/2024,1587.34,1750.34,2050.46,0.924754234,0.921708922,0.89408047
16/08/2024,1586.48,1747.18,2049.26,0.924095795,0.919526496,0.893404532
19/08/2024,1579.45,1754.57,2055.97,0.918713441,0.924630334,0.897184154
20/08/2024,1587.02,1760.75,2061.78,0.924509233,0.928898496,0.900456822
21/08/2024,1570.7,1751.16,2055.27,0.91201421,0.922275248,0.896789856
22/08/2024,1567.39,1754.3,2066.63,0.909479987,0.924443861,0.903188739
23/08/2024,1559.29,1753.22,2067.69,0.903278412,0.923697969,0.903785818
26/08/2024,1573.79,1763,2082.62,0.914379996,0.930452439,0.912195617
27/08/2024,1586.9,1775.86,2105.4,0.924417358,0.939334084,0.925027178
28/08/2024,1587.35,1778.53,2109.49,0.92476189,0.941178096,0.927331001
29/08/2024,1589.84,1769.48,2103.06,0.9266683,0.934927793,0.923709099
30/08/2024,1587.03,1766.83,2097.14,0.92451689,0.933097594,0.92037447
02/09/2024,1589.05,1761.56,2091.46,0.926063455,0.929457916,0.917175029
03/09/2024,1590.63,1757.32,2086.2,0.927273145,0.926529597,0.914212166
04/09/2024,1589.8,1757.75,2084.96,0.926637675,0.926826573,0.913513696
05/09/2024,1598.14,1778.77,2109.7,0.933022999,0.941343849,0.927449291
06/09/2024,1593.7,1783.88,2112.31,0.929623618,0.944873026,0.928919456
09/09/2024,1612.74,1800.91,2133,0.944201145,0.956634644,0.940573759
10/09/2024,1625.98,1817.49,2157.26,0.954338039,0.968085474,0.954238978
11/09/2024,1646.06,1817.58,2152.77,0.969711818,0.968147631,0.951709842
12/09/2024,1645.94,1824.54,2163.12,0.969619943,0.972954494,0.95753981
13/09/2024,1642.61,1825.57,2160.71,0.967070407,0.973665854,0.956182301
16/09/2024,1642.68,1825.2,2166.55,0.967124001,0.973410317,0.959471867
17/09/2024,1641.9,1826.68,2162.66,0.966526812,0.974432466,0.9572807
18/09/2024,1641.23,1823.93,2167.05,0.966013843,0.972533203,0.959753508
19/09/2024,1635.56,1825.13,2171.67,0.961672741,0.973361972,0.96235587
20/09/2024,1628.87,1823.67,2173.13,0.9565507,0.972353636,0.963178262
23/09/2024,1628.77,1827.77,2195.26,0.956474137,0.975185264,0.97564369
24/09/2024,1599.71,1777.79,2132.69,0.934225033,0.940667021,0.940399142
25/09/2024,1641.65,1848.47,2212,0.966335406,0.989481536,0.985073029
26/09/2024,1639.24,1843.25,2211.87,0.964490246,0.985876389,0.984999803
27/09/2024,1639.71,1846.6,2210.17,0.96485009,0.988190037,0.984042224
30/09/2024,1653.98,1863.7,2238.5,0.97577558,1,1
01/10/2024,1658.37,1858.06,2229.39,0.97913668,0.996104784,0.994868502
02/10/2024,1661.35,1845.07,2215.96,0.981418246,0.987133356,0.987303626
03/10/2024,1657.55,1837.26,2185.57,0.978508866,0.981739449,0.970185489
04/10/2024,1639.56,1821.5,2177.01,0.964735246,0.970854945,0.965363796
07/10/2024,1622.09,1784.35,2126.96,0.951359753,0.945197627,0.937171536
08/10/2024,1616.61,1777.94,2122.03,0.94716412,0.940770617,0.934394556
09/10/2024,1613.83,1776.17,2121.46,0.945035678,0.939548183,0.934073486
10/10/2024,1617.07,1772.27,2116.73,0.947516308,0.936854682,0.931409162
11/10/2024,1625.55,1772.04,2116.29,0.95400882,0.936695835,0.931161318
14/10/2024,1622.88,1775.57,2125.9,0.951964597,0.939133798,0.936574457
15/10/2024,1625.79,1782.59,2138.9,0.95419257,0.943982099,0.943897122
16/10/2024,1631.86,1782.09,2131.41,0.958839923,0.943636778,0.939678141
17/10/2024,1631.51,1776.5,2134.7,0.958571954,0.939776094,0.941531338
18/10/2024,1632.24,1774.44,2129.97,0.959130861,0.938353373,0.938867015
21/10/2024,1628.25,1776.46,2132.28,0.956076011,0.939748469,0.940168196
22/10/2024,1634.58,1779.43,2139.74,0.960922427,0.941799673,0.944370279
23/10/2024,1644.49,1781.91,2134.11,0.968509785,0.943512463,0.941199002
24/10/2024,1646.42,1775.29,2127.32,0.969987444,0.938940418,0.937374318
25/10/2024,1632.37,1778.9,2134.72,0.959230392,0.941433633,0.941542604
28/10/2024,1634.45,1775.49,2129.41,0.960822895,0.939078547,0.938551577
29/10/2024,1634.7,1777.98,2138.43,0.961014302,0.940798243,0.94363238
30/10/2024,1641.73,1780.41,2124.9,0.966396656,0.942476501,0.936011176
31/10/2024,1645.32,1784.28,2114.93,0.969145255,0.945149282,0.930395255
01/11/2024,1632.99,1787.88,2126.11,0.959705081,0.94763559,0.936692747
04/11/2024,1635.05,1792.46,2135.07,0.961282271,0.950798726,0.941739752
05/11/2024,1641.77,1789.9,2135.01,0.966427281,0.949030685,0.941705956
06/11/2024,1668.62,1786.93,2144.95,0.986984351,0.946979481,0.947304978
07/11/2024,1668.12,1797.34,2160.14,0.986601537,0.954169055,0.95586123
08/11/2024,1669.23,1796.9,2164.63,0.987451383,0.953865173,0.958390366
11/11/2024,1668.2,1793.97,2166.09,0.986662787,0.951841595,0.959212757
12/11/2024,1677.21,1783.24,2140.09,0.993561082,0.944431015,0.944567428
13/11/2024,1680.01,1780.99,2142.78,0.995704836,0.942877073,0.946082656
14/11/2024,1681.27,1775.48,2134.96,0.996669525,0.93907164,0.941677791
15/11/2024,1668.03,1774.81,2123.62,0.986532631,0.938608911,0.935290175
18/11/2024,1661.08,1756.6,2101.6,0.981211527,0.926032336,0.922886707
19/11/2024,1673.86,1773.84,2123.03,0.990996233,0.937938989,0.934957838
20/11/2024,1672.76,1776.97,2131.91,0.990154044,0.940100695,0.939959782
21/11/2024,1674.38,1772.1,2129.99,0.991394359,0.936737273,0.93887828
22/11/2024,1680.94,1774.82,2134.23,0.996416868,0.938615817,0.941266596
25/11/2024,1684.24,1774.28,2124.71,0.998943436,0.938242871,0.935904152
26/11/2024,1675.83,1763.29,2113.65,0.992504517,0.930652725,0.929674254
27/11/2024,1685.62,1779.68,2135.83,1,0.941972333,0.942167847
28/11/2024,1683.62,1783.41,2143.47,0.998468747,0.944548424,0.946471321
29/11/2024,1678.91,1785.68,2149.09,0.994862647,0.94611618,0.949636965
02/12/2024,1674.68,1768.02,2130.9,0.991624047,0.933919457,0.939390867
03/12/2024,1665.39,1756.46,2118.02,0.984511377,0.925935646,0.932135796
04/12/2024,1658.35,1744.06,2107.45,0.979121367,0.917371696,0.926181906
05/12/2024,1610.29,1714.15,2065.9,0.942325361,0.89671462,0.902777543
06/12/2024,1558.54,1713.85,2065.25,0.902704193,0.896507428,0.90241141
09/12/2024,1542.45,1631.36,1970.28,0.890385263,0.839536442,0.848916527
10/12/2024,1529.14,1631.55,1979.39,0.880194775,0.839667663,0.854048025
11/12/2024,1538.75,1626.46,1975.65,0.887552445,0.8361523,0.851941351
12/12/2024,1536.36,1628.88,1971.64,0.885722598,0.837823652,0.849682591
13/12/2024,1539.56,1629.24,1957.14,0.888172603,0.838072282,0.841515003
16/12/2024,1539.57,1620.25,1955.17,0.888180259,0.831863419,0.840405338
17/12/2024,1542.56,1623.45,1966.8,0.890469482,0.83407347,0.846956306
18/12/2024,1544.93,1632.89,1982.4,0.892284017,0.840593123,0.855743504
19/12/2024,1540.73,1612.84,1944.86,0.889068386,0.826745768,0.834597901
20/12/2024,1541.8,1610.24,1940.19,0.889887606,0.824950101,0.831967375
23/12/2024,1539.18,1615.34,1945.73,0.887881665,0.828472371,0.835087956
24/12/2024,1537.96,1607.13,1935.94,0.886947601,0.822802207,0.829573427
25/12/2024,1536.22,1608.21,1939.46,0.885615411,0.8235481,0.831556179
26/12/2024,1538.76,1603.02,1926.55,0.887560102,0.819963672,0.82428421
27/12/2024,1538.26,1610.92,1942.43,0.887177288,0.825419737,0.833229126
30/12/2024,1538.24,1615.65,1948.29,0.887161976,0.82868647,0.836529958
31/12/2024,1534.2,1606.81,1943.06,0.884068845,0.822581202,0.833583994
01/01/2025,1533.79,1601.91,1936.63,0.883754938,0.819197061,0.829962091
02/01/2025,1538.02,1600.34,1929.5,0.886993538,0.818112754,0.825945891
03/01/2025,1535.36,1601.84,1929.82,0.884956972,0.819148716,0.826126141
06/01/2025,1531.34,1595.68,1922.7,0.881879154,0.814894366,0.822115574
07/01/2025,1534.38,1605.4,1936.5,0.884206658,0.821607398,0.829888864
08/01/2025,1538.38,1593.83,1909.65,0.887269164,0.81361668,0.814764745
09/01/2025,1540.36,1592.43,1902.69,0.888785104,0.812649783,0.810844303
10/01/2025,1543.79,1591.55,1895.15,0.891411203,0.812042019,0.806597158
13/01/2025,1548.87,1585.11,1889.26,0.895300585,0.80759429,0.803279427
14/01/2025,1549.26,1590.74,1884.73,0.895599179,0.811482599,0.80072776
15/01/2025,1551.86,1599.38,1901.79,0.897589808,0.817449739,0.81033735
16/01/2025,1552.31,1599.64,1899.75,0.89793434,0.817629305,0.809188254
17/01/2025,1550.06,1603.55,1895.31,0.89621168,0.820329712,0.806687283
20/01/2025,1552.56,1607.05,1901.79,0.898125746,0.822746956,0.81033735
21/01/2025,1552.61,1615.48,1914.21,0.898164028,0.828569061,0.817333311
22/01/2025,1554.26,1622.26,1918.93,0.899427311,0.833251607,0.819992001
23/01/2025,1555.25,1621.78,1923.03,0.900185282,0.8329201,0.822301457
24/01/2025,1534.65,1627.19,1934.08,0.884413377,0.836656468,0.828525722
27/01/2025,1531.53,1617.37,1927.44,0.882024623,0.829874372,0.82478553
28/01/2025,1533.27,1614.23,1925.6,0.883356813,0.827705759,0.823749092
29/01/2025,1520.2,1606.68,1919.65,0.873350075,0.822491419,0.820397564
30/01/2025,1519.1,1609.27,1923.42,0.872507886,0.824280179,0.822521137
31/01/2025,1521.58,1612.37,1929.74,0.87440664,0.826421167,0.826081079
03/02/2025,1491.37,1533.95,1846.39,0.851277065,0.77226109,0.779131532
04/02/2025,1497.47,1545.88,1858.96,0.855947386,0.780500439,0.786211986
05/02/2025,1494.84,1548.14,1860.87,0.853933789,0.782061287,0.787287854
06/02/2025,1497.86,1556.27,1863.51,0.85624598,0.7876762,0.788774918
07/02/2025,1501.29,1556.48,1868.56,0.858872079,0.787821234,0.791619492
10/02/2025,1499.42,1553.5,1863.46,0.857440358,0.785763124,0.788746754
11/02/2025,1498.7,1547.72,1858.81,0.856889107,0.781771218,0.786127493
12/02/2025,1504.2,1554.54,1862.68,0.861100052,0.786481391,0.788307394
13/02/2025,1507.06,1566.39,1881.38,0.863289744,0.794665488,0.798840766
14/02/2025,1511.88,1572.17,1886.78,0.866980063,0.798657394,0.801882488
17/02/2025,1509.96,1584.6,1907.98,0.86551006,0.807242063,0.813824065
18/02/2025,1508.4,1582.44,1912.46,0.864315683,0.805750278,0.816347567
19/02/2025,1507,1573.54,1899.67,0.863243806,0.799603572,0.809143192
20/02/2025,1507.33,1570.48,1894.66,0.863496463,0.79749021,0.80632115
21/02/2025,1503.6,1570.43,1895.71,0.860640676,0.797455678,0.806912596
24/02/2025,1502.54,1577.42,1902.49,0.859829112,0.80228326,0.810731647
25/02/2025,1501.19,1576.3,1898.55,0.858795516,0.801509741,0.808512316
26/02/2025,1499.97,1574.84,1903.37,0.857861452,0.800501405,0.811227335
27/02/2025,1497.99,1570.76,1903.71,0.856345512,0.79768359,0.811418851
28/02/2025,1500.95,1565.88,1897.01,0.858611766,0.794313261,0.807644862
03/03/2025,1498.48,1562.97,1893.15,0.856720669,0.792303495,0.805470594
04/03/2025,1499.45,1579.23,1901.16,0.857463326,0.80353332,0.809982482
05/03/2025,1499.3,1601.63,1913.05,0.857348483,0.819003681,0.816679904
06/03/2025,1501.17,1619.1,1933.01,0.858780204,0.831069182,0.827923011
07/03/2025,1505.07,1610.97,1919.7,0.861766147,0.825454269,0.820425728
10/03/2025,1509.06,1638.65,1946.71,0.864820997,0.844571215,0.835639973
11/03/2025,1531.01,1671.62,1982.76,0.881626497,0.867341653,0.855946285
12/03/2025,1533.33,1665.95,1983.43,0.88340275,0.863425718,0.856323684
13/03/2025,1538.59,1670.78,1994.19,0.887429945,0.866761515,0.862384598
14/03/2025,1534.07,1679.17,1989.69,0.883969314,0.872555994,0.859849829
17/03/2025,1536.44,1684.09,2003.18,0.885783848,0.875953948,0.867448502
18/03/2025,1535.71,1688.25,2005.81,0.885224941,0.878827015,0.868929933
19/03/2025,1536.21,1676.95,1999.53,0.885607754,0.87102277,0.865392523
20/03/2025,1536.24,1668.94,1993.11,0.885630723,0.865490735,0.861776253
21/03/2025,1536.98,1659.15,1971.06,0.886197287,0.858729358,0.849355887
24/03/2025,1532.79,1663.17,1989.8,0.882989312,0.861505736,0.85991179
25/03/2025,1534.34,1654.49,1985.03,0.884176033,0.855510971,0.857224935
26/03/2025,1537.21,1657.94,1988.31,0.886373381,0.857893683,0.8590725
27/03/2025,1538.36,1660.19,1990.85,0.887253851,0.859447625,0.860503236
28/03/2025,1536.79,1659.36,1974.98,0.886051818,0.858874393,0.851563952
31/03/2025,1532.2,1659.59,1982.02,0.882537592,0.859033241,0.855529457
01/04/2025,1533.65,1661.18,1987.71,0.883647751,0.86013136,0.858734531
02/04/2025,1535.05,1663.07,1996.41,0.884719628,0.861436672,0.863635083
03/04/2025,1532.81,1692.04,2004.52,0.883004624,0.881444545,0.8682033
04/04/2025,1529.97,1700.24,1998.93,0.880830245,0.887107802,0.865054554
07/04/2025,1601.36,1697.65,1980.43,0.935488317,0.885319042,0.854633839
08/04/2025,1580.61,1730.33,2015.83,0.919601568,0.907889194,0.874574018
09/04/2025,1564.1,1725.43,2020.25,0.906961076,0.904505052,0.877063724
10/04/2025,1583.55,1732.23,2004.16,0.92185251,0.909201412,0.868000518
11/04/2025,1589.15,1832.02,2111.34,0.926140018,0.978120489,0.928373073
14/04/2025,1596.59,1815.17,2108.25,0.931836278,0.966483186,0.926632532
15/04/2025,1603.63,1825.27,2139.25,0.937226289,0.973458662,0.944094271
16/04/2025,1601.61,1823.28,2117.12,0.935679723,0.972084286,0.931628842
17/04/2025,1603.41,1824.31,2127.97,0.937057851,0.972795646,0.937740451
18/04/2025,1604.29,1826.04,2129.99,0.937731602,0.973990455,0.93887828
21/04/2025,1603.55,1840.92,2137.75,0.937165038,0.984267195,0.943249348
22/04/2025,1603.19,1848.17,2163.13,0.936889413,0.989274343,0.957545443
23/04/2025,1603.81,1840.92,2153.7,0.937364101,0.984267195,0.952233694
24/04/2025,1604.27,1827.99,2141.35,0.937716289,0.975337206,0.945277163
25/04/2025,1605.7,1828.89,2134.19,0.938811135,0.975958783,0.941244064
28/04/2025,1603.37,1825.19,2148.79,0.937027226,0.97340341,0.94946798
29/04/2025,1601.22,1825.68,2148.83,0.935381129,0.973741825,0.949490512
30/04/2025,1601.53,1820.55,2142.06,0.935618473,0.970198836,0.945677093
01/05/2025,1601.72,1814.97,2134.34,0.935763942,0.966345058,0.941328557
02/05/2025,1601.39,1819.82,2137.07,0.935511285,0.969694668,0.942866316
05/05/2025,1600.12,1821.77,2140.02,0.93453894,0.971041418,0.944527998
06/05/2025,1601.09,1818.3,2142.26,0.935281597,0.968644893,0.945789749
07/05/2025,1605.7,1824.22,2144.72,0.938811135,0.972733488,0.947175423
08/05/2025,1607.05,1818.05,2144.72,0.939844731,0.968472233,0.947175423
09/05/2025,1604.35,1809.59,2139.88,0.93777754,0.962629409,0.944449138
12/05/2025,1599.32,1801.21,2139.7,0.933926439,0.956841836,0.944347748
13/05/2025,1599.88,1781.63,2118.79,0.934355189,0.943319083,0.932569523
14/05/2025,1598.71,1794.86,2129.03,0.933459406,0.952456265,0.93833753
15/05/2025,1600.71,1793.29,2132.62,0.934990659,0.951371959,0.940359712
16/05/2025,1599.34,1792.66,2133.29,0.933941751,0.950936855,0.940737111
19/05/2025,1597.51,1799.73,2138.67,0.932540655,0.955819687,0.943767567
20/05/2025,1597.22,1806.36,2144.07,0.932318623,0.960398638,0.94680929
21/05/2025,1585.89,1807.93,2141.79,0.923644076,0.961482945,0.945525007
22/05/2025,1585.88,1802.19,2143.84,0.923636419,0.957518665,0.946679735
23/05/2025,1580.65,1799.61,2143.58,0.919632193,0.95573681,0.946533282
26/05/2025,1580.95,1808.75,2154,0.919861881,0.96204927,0.952402679
27/05/2025,1582.61,1803.99,2150.35,0.921132821,0.958761819,0.9503467
28/05/2025,1586.64,1795.49,2140.9,0.924218295,0.952891369,0.945023686
29/05/2025,1587.32,1788.71,2122.8,0.924738921,0.948208822,0.934828284
30/05/2025,1586.77,1788.76,2122.05,0.924317827,0.948243354,0.934405822
02/06/2025,1582.45,1803.84,2134.72,0.921010321,0.958658222,0.941542604
03/06/2025,1578.77,1808.4,2150.05,0.918192815,0.961807546,0.950177715
